trading_day,asia_size,london_size,nyam_size
2020-09-01,0.003278080158337457,0.006041302784341929,0.011988933292345526
2020-09-02,0.008316092653442051,0.005308841340331045,0.015463813871181805
2020-09-03,0.006346456058347101,0.0047084975245023745,0.02879522261079412
2020-09-04,0.013835674755214985,0.014565910208970547,0.059842922998121904
2020-09-07,0.020900182117769492,0.0077762200998860945,0.005454823154633327
2020-09-08,0.00730085611229412,0.020544538396660973,0.025788094011157663
2020-09-09,0.01912593131019444,0.018853982399964175,0.017290619672784432
2020-09-10,0.009448265254553844,0.016834500875656744,0.016344692858693294
2020-09-11,0.007910968087959238,0.007952506479409874,0.01616345769042643
2020-09-14,0.008510446685878963,0.006587439355499177,0.013758404203214747
2020-09-15,0.0063251808779794935,0.00424103198444955,0.009196207659127237
2020-09-16,0.006571908910285802,0.007286212914485166,0.012355111217829779
2020-09-17,0.012680998489828552,0.011462219625117993,0.016827636596113887
2020-09-18,0.008629648036868024,0.007529443495459858,0.0171382303989924
2020-09-21,0.012637362637362638,0.018617388502784552,0.017103948316330088
2020-09-22,0.008343782058588852,0.01102899114477267,0.01188190381531094
2020-09-23,0.008243358272478832,0.007806541343263493,0.011566394692011117
2020-09-24,0.011292636645531541,0.010176878317917333,0.02173608843696068
2020-09-25,0.005703552694871384,0.006183158907183915,0.014432895068952066
2020-09-28,0.004463885150291611,0.007116088159186223,0.009501135286466945
2020-09-29,0.005290656831752722,0.009094884127678182,0.00850520007050943
2020-09-30,0.005851956540941613,0.008932359706125366,0.015017667844522967
2020-10-01,0.008637362637362637,0.004949523581100233,0.007269265717623642
2020-10-02,0.005965374889229905,0.009555893167756567,0.014801723185684304
2020-10-05,0.0073838263253305034,0.006484054518989017,0.009889406414869429
2020-10-06,0.006384555042273163,0.0066378444473557795,0.007054250021839783
2020-10-07,0.006862439285236843,0.004175595961381261,0.0065653682315225505
2020-10-08,0.004314383457172118,0.005648490115142298,0.007691310547465757
2020-10-09,0.0027244421380384016,0.0028702145107686997,0.0061627305636959145
2020-10-12,0.006888315454991363,0.009014550545115175,0.008751862656620564
2020-10-13,0.006611570247933884,0.011278661433588102,0.010019957615785034
2020-10-14,0.006022475630704278,0.00482315112540193,0.010382908452884714
2020-10-15,0.00801255230125523,0.012832899269091825,0.011316107938260335
2020-10-16,0.004520225380539904,0.0059996210765635855,0.007963380988211689
2020-10-19,0.007870184272325302,0.0053152377150780476,0.016415466644275577
2020-10-20,0.0069886727933319084,0.003967322910223322,0.009000128573265332
2020-10-21,0.0061668915012526495,0.011683041435284067,0.01062553556126821
2020-10-22,0.009457782342619934,0.005830339278414836,0.01822654829393518
2020-10-23,0.0048417850333140515,0.00687137642258965,0.009526867908370798
2020-10-26,0.005801959773078907,0.005925064098420701,0.014361920393926959
2020-10-27,0.004674116265924605,0.004038211029092488,0.007975726051148678
2020-10-28,0.0045421118657265214,0.01109525045419154,0.019363185825183107
2020-10-29,0.006864630383256563,0.007442625136077847,0.012221005831229474
2020-10-30,0.007201302031079304,0.00973219527615951,0.026053128820718016
2020-11-02,0.008632017762472246,0.012391461649782923,0.009426128330004264
2020-11-03,0.005508025011851284,0.00820115356885364,0.021019336892637623
2020-11-04,0.022971413352272728,0.028766497793046467,0.020554719415179532
2020-11-05,0.007142857142857143,0.012931757209926224,0.011305070656691604
2020-11-06,0.009120238242958184,0.010620283068174691,0.013793103448275862
2020-11-09,0.019276314434582036,0.0076181214036793905,0.017922690454219216
2020-11-10,0.012601677413916636,0.013435903956598216,0.021061859858447194
2020-11-11,0.010165703109888456,0.015749550012856776,0.011945902128930415
2020-11-12,0.008509475984367777,0.011079221711053898,0.00803440318858821
2020-11-13,0.005313317027915999,0.006017378863430747,0.010260939044134654
2020-11-16,0.009011269313596354,0.004117622592854469,0.010700348285846166
2020-11-17,0.007669188516944761,0.004036452914984811,0.006672070836191308
2020-11-18,0.004447878382893418,0.00662168391936633,0.0065430524489411964
2020-11-19,0.003452340855506905,0.008282705123084362,0.009435949281772611
2020-11-20,0.00459866220735786,0.0030664608452584587,0.005069259012016021
2020-11-23,0.005107617286026568,0.003953892177987908,0.010923930103588992
2020-11-24,0.005058880329142089,0.0038847117794486214,0.009561269535744921
2020-11-25,0.006571062528412613,0.0030137269068015275,0.00553158991929658
2020-11-26,0.0037803299570603826,0.004180327868852459,0.0030125420116402985
2020-11-27,0.003043514024841655,0.0019486380045946833,0.007605651080534031
2020-11-30,0.006836772066902698,0.005221450949075496,0.017439846790131004
2020-12-01,0.006606679636835279,0.0040568360715294875,0.007938592061407939
2020-12-02,0.005459106874059207,0.0037764653890964605,0.010027843912675033
2020-12-03,0.002465522771007056,0.002544019550890407,0.006157363765819612
2020-12-04,0.001962040522143029,0.0015990405756546072,0.005871743486973948
2020-12-07,0.004471057884231537,0.0045312094536599,0.006024216552632104
2020-12-08,0.002326228725942421,0.003202068416865553,0.006778246004611592
2020-12-09,0.0032194987062750596,0.001917526588384138,0.005957564721716412
2020-12-10,0.0031394948451520122,0.0050550164440293964,0.017794900018345258
2020-12-11,0.004297473973044952,0.006060606060606061,0.006934447170461688
2020-12-14,0.0030833098222562572,0.002882773913919968,0.00982207551726914
2020-12-15,0.005256610890413707,0.005132317562149158,0.004874845795694218
2020-12-16,0.00329260552205649,0.003090822634331907,0.004992966257851043
2020-12-17,0.0015771315919172006,0.003127397179441789,0.004847985240142103
2020-12-18,0.002804471464993136,0.0043220305685434755,0.008219338930311747
2020-12-21,0.004525862068965518,0.008431537873291633,0.014922703970114852
2020-12-22,0.003543795404878625,0.007670561255757863,0.005955539831357981
2020-12-23,0.007359452173399713,0.0018278661137207885,0.005840018876828693
2020-12-24,0.0036135300041466737,0.001716687385307524,0.0053713540946701156
2020-12-28,0.009387634355586235,0.0025438819638768763,0.006183556032380766
2020-12-29,0.002004632062435531,0.0013389478586536782,0.00833866620125274
2020-12-30,0.004257138969344712,0.001397108761036189,0.006920214003256571
2020-12-31,0.0015186915887850467,0.0014785992217898833,0.002725538293813028
2021-01-04,0.006187446659942587,0.005352675367996431,0.013936406687928869
2021-01-05,0.0050462242021643575,0.00601971160466626,0.010572286775748953
2021-01-06,0.01699185562781977,0.013598574821852732,0.017224614529795804
2021-01-07,0.0075443377967373704,0.00798587265770627,0.014377749842866121
2021-01-08,0.004583430030169412,0.0034692776193046026,0.007834703126200169
2021-01-11,0.006377331831287114,0.003548888334708128,0.00860057465723046
2021-01-12,0.003679104622117228,0.003791982665222102,0.008137957760124007
2021-01-13,0.004017077430622938,0.001992378668007815,0.008514847644354792
2021-01-14,0.0036800123309313707,0.0037238558308250367,0.004620449338698188
2021-01-15,0.004570454721512123,0.0033234859675036928,0.01386733902249806
2021-01-18,0.005401491281288529,0.002172679050284797,0.0024218276986777603
2021-01-19,0.006536840462066812,0.002516453735965931,0.005621680300856822
2021-01-20,0.0028779739063699156,0.0033682276615696707,0.009724442414554313
2021-01-21,0.007149038642435188,0.002863452612666567,0.007946026986506746
2021-01-22,0.0051888905480065705,0.003370534042393828,0.005150680826356502
2021-01-25,0.00693717277486911,0.003343301324318802,0.015761886240299307
2021-01-26,0.0036776314567506826,0.005190925217066567,0.007133196227743502
2021-01-27,0.0036713157700538706,0.0028033935817041683,0.016300085888195974
2021-01-28,0.013388239800804443,0.010233272535278871,0.012029417913000513
2021-01-29,0.010033444816053512,0.010816088213335375,0.012146752602875557
2021-02-01,0.013133317767919683,0.010084260455430654,0.012412366394667279
2021-02-02,0.010636689967882109,0.005797808465926148,0.006927671366249134
2021-02-03,0.00429438767954983,0.005241593149016279,0.01158408158740716
2021-02-04,0.002922670240887598,0.003612730218439822,0.006580414900736114
2021-02-05,0.004811946902654868,0.0031980591089545655,0.005426784400294334
2021-02-08,0.0060189008165886775,0.0034739363355456823,0.004408670996066954
2021-02-09,0.0029963094237585412,0.0010420856338440162,0.006595460124947328
2021-02-10,0.0040151846984961305,0.0025837912587794317,0.01784577322588274
2021-02-11,0.004062362758014932,0.0041557585632425904,0.004501631157848694
2021-02-12,0.003318442884492661,0.003828832935256258,0.006572461386789352
2021-02-15,0.004103546765971293,0.0009936586511535474,0.0011551721025937225
2021-02-16,0.0031357001261488556,0.002881169754920498,0.004625697920242849
2021-02-17,0.005215052786509912,0.0040842999509884004,0.008413681856509148
2021-02-18,0.004616956823241724,0.0035393361452411517,0.008527603964782103
2021-02-19,0.007790588968526021,0.005796463423582068,0.005184184586177942
2021-02-22,0.007434670592565329,0.012601393174553315,0.011724073555493326
2021-02-23,0.008505330006804264,0.017613113028440385,0.02634412737481732
2021-02-24,0.009642579200121482,0.013706497185956583,0.012486853427669949
2021-02-25,0.004960634359909055,0.012526213301378071,0.01773419570206551
2021-02-26,0.012790470611208749,0.018482834558968108,0.021617031132385015
2021-03-01,0.010765965656955432,0.0055311004784689,0.011508292459491956
2021-03-02,0.006967266990929407,0.006590625826188768,0.012784357962022937
2021-03-03,0.005550770408651546,0.004335589868411044,0.017732608403296768
2021-03-04,0.00938337801608579,0.010062793415605254,0.020234123615689836
2021-03-05,0.012444712505026136,0.008098549093685944,0.022967952156722496
2021-03-08,0.0184821077467558,0.013733631427658896,0.014958152786846323
2021-03-09,0.009598444808942348,0.016975152897482994,0.014334714594444554
2021-03-10,0.008175928816734311,0.006495800298296569,0.01738929266835033
2021-03-11,0.009300326292960279,0.009288706174371704,0.00891788595915531
2021-03-12,0.007564151666028342,0.013507264249104011,0.010527542537487375
2021-03-15,0.006640926640926641,0.0073262913072972185,0.00770776185140826
2021-03-16,0.005622274917769448,0.005844724517381868,0.011778339254165163
2021-03-17,0.005680307002545689,0.002531549193901441,0.010686553394326132
2021-03-18,0.006919693637673466,0.016823917244515176,0.008282291305520243
2021-03-19,0.003830069957400242,0.014460990548500087,0.012601999882590063
2021-03-22,0.009877410790973686,0.0044915976148067836,0.010654961034942857
2021-03-23,0.00566225418930293,0.004247059727880698,0.0064056125366988214
2021-03-24,0.004386889140054788,0.009150552486187844,0.012355832679838571
2021-03-25,0.005838475357338124,0.005640675319605738,0.01609986239433851
2021-03-26,0.004589933397136663,0.006041885223608035,0.008657669480735706
2021-03-29,0.009999421998728397,0.0071236716104169095,0.0125567468366657
2021-03-30,0.005279383429672447,0.005977945443993035,0.00868062298520216
2021-03-31,0.005157137594757557,0.003806046954191506,0.013398365206662554
2021-04-01,0.002959257703616022,0.00780209324452902,0.006017505470459519
2021-04-02,0.0024567720640636137,0.0016857089342573516,
2021-04-05,0.003879601169502961,0.004126728067378215,0.009613234965347642
2021-04-06,0.00338142056418267,0.0052821437773769644,0.0058963350592397415
2021-04-07,0.0032583483671440668,0.0029296335194295507,0.00796900940785833
2021-04-08,0.004258208982618431,0.0033324835196853263,0.0046260882235092705
2021-04-09,0.0049504950495049506,0.0030924834461180236,0.006483070966799372
2021-04-12,0.004667909030051926,0.0028648099796924863,0.005622256882730603
2021-04-13,0.0022061482820976493,0.0028830985149322745,0.005908951701525879
2021-04-14,0.0016454722684266065,0.0030572291849176696,0.005435171279410713
2021-04-15,0.003435307731250452,0.004969999277091014,0.005653672194701701
2021-04-16,0.003695900585630624,0.0019480983700314555,0.006054670109518298
2021-04-19,0.003395525055400672,0.0017979848328408161,0.010902450813655812
2021-04-20,0.002517985611510791,0.0033035297497217135,0.010325068473403488
2021-04-21,0.0020014556040756915,0.0032765996177300445,0.00880192041900051
2021-04-22,0.0021768071097038825,0.0019578259151489027,0.0064204014099705055
2021-04-23,0.0024351239369048484,0.003921426237246287,0.007113562951402751
2021-04-26,0.0026580937157635732,0.004401724757455983,0.005454382345025568
2021-04-27,0.0012834453377065546,0.0020117858605280493,0.008716577540106952
2021-04-28,0.0018988929096055319,0.004423273222184417,0.006850911960401012
2021-04-29,0.005617776505528321,0.0032297205667178187,0.012640649480131036
2021-04-30,0.004158227734662055,0.003368458975051788,0.008391684111744749
2021-05-03,0.002413501197744997,0.004220550835993723,0.007905138339920948
2021-05-04,0.005041712005803409,0.003779275759943311,0.016480002923282114
2021-05-05,0.005175313753396299,0.005420653797223298,0.009996881706623622
2021-05-06,0.004282853752595669,0.0053299774216234224,0.008917480858006267
2021-05-07,0.003892908296301737,0.0033567511051598585,0.010864413576871195
2021-05-10,0.002988773873742528,0.0064865258823315055,0.014633967655085258
2021-05-11,0.013104043855367401,0.01029023746701847,0.014813261395916344
2021-05-12,0.006605986675424604,0.007417053561318084,0.014886448002132074
2021-05-13,0.0072481927710843375,0.011123278197222062,0.010441277341666031
2021-05-14,0.008934707903780068,0.004567335026342721,0.009031136638452238
2021-05-17,0.007959492535640217,0.004658646560272409,0.007924287377473993
2021-05-18,0.005485216215200811,0.004297780103146722,0.007231172723866617
2021-05-19,0.005044758003337885,0.00958029197080292,0.011398205552774461
2021-05-20,0.004727506523959003,0.007090455301769777,0.01246990671080349
2021-05-21,0.0045210302019640545,0.0029612629786603985,0.009316139981921155
2021-05-24,0.006743504006874264,0.005441872600544188,0.01156636316529721
2021-05-25,0.003075458572840772,0.0036516341062625525,0.0070066599762795365
2021-05-26,0.004133062672591942,0.003390942900896959,0.004183183238039566
2021-05-27,0.004086845466155811,0.0048960502758595495,0.00560822783653934
2021-05-28,0.0024279377133573084,0.002742230347349177,0.0033020761119422043
2021-05-31,0.002043944813490036,0.003011443485243927,0.001352561642082945
2021-06-01,0.0032575674389663627,0.003615645885833242,0.01314330382301078
2021-06-02,0.0026367348433523155,0.0028574568633915813,0.004463305773029926
2021-06-03,0.002558573047260499,0.0035602782494385714,0.008612740216148426
2021-06-04,0.005468620097178857,0.003999333444425929,0.011076414401175606
2021-06-07,0.003757283139418801,0.002948295630334686,0.003785052681382272
2021-06-08,0.0038703609925486507,0.0033283287809995838,0.008628298658020355
2021-06-09,0.0021899659740823862,0.0026419123102256483,0.005695335592242809
2021-06-10,0.0018817398856481146,0.004196740290515729,0.01109825753741595
2021-06-11,0.0018603985546134306,0.0020213584244137164,0.0033130372492836675
2021-06-14,0.002196585470390742,0.0019987151117138984,0.0057469212921649115
2021-06-15,0.0036850683863652468,0.0019275318750110525,0.00517363571934798
2021-06-16,0.0013177576750480803,0.001603392064990825,0.0037899681500329174
2021-06-17,0.007119288429811348,0.0033246473178183125,0.014101943053985683
2021-06-18,0.0027503526093088856,0.0025351666343902397,0.0061787578566102055
2021-06-21,0.003102101941487939,0.007763143805546632,0.011137204668374609
2021-06-22,0.0018038092206483104,0.005589358992500354,0.0054709631728045325
2021-06-23,0.0016988930923357154,0.003565000087377453,0.004330901949782578
2021-06-24,0.0024167702842332007,0.0038638390125356227,0.004721336608651719
2021-06-25,0.0024363503471799245,0.0020534238231967286,0.0053722313015056155
2021-06-28,0.002334494773519164,0.0025936950580535104,0.006756287341948034
2021-06-29,0.0023096280464683376,0.0021914688017669794,0.004274167140616652
2021-06-30,0.001611272047858208,0.0026593919429002814,0.0036232506224778914
2021-07-01,0.0015798330871999175,0.004276072882141814,0.004267694584502073
2021-07-02,0.001633003867640739,0.005304217541805156,0.003144439127759929
2021-07-05,0.001411156638386861,0.0015820093219474024,0.0008161044613710555
2021-07-06,0.0022797257523945627,0.002587454251425653,0.005104982870323259
2021-07-07,0.002235090927562735,0.005918660691637778,0.010590905270236194
2021-07-08,0.002329192546583851,0.0107232257628036,0.008016993284911608
2021-07-09,0.004537652317261773,0.003759206654306078,0.00729914588083166
2021-07-12,0.0029512951969778737,0.004559809501291946,0.005799976463863625
2021-07-13,0.00114247311827957,0.003765022270779057,0.008802935433919074
2021-07-14,0.003043090838783436,0.0036189193738427874,0.004075088516266952
2021-07-15,0.0020644511581067474,0.004341922180684314,0.009887195326663533
2021-07-16,0.0029096322360185403,0.0036879144674516174,0.00879987862236383
2021-07-19,0.004821124361158433,0.004320060105184072,0.008844532392669706
2021-07-20,0.004539614561027837,0.003249918752031199,0.009851625946612754
2021-07-21,0.002087611806038799,0.004182250935056103,0.005135355733913753
2021-07-22,0.0019546059615481825,0.0029141259306673852,0.005643530997304583
2021-07-23,0.0022197002570179245,0.0029386228544713818,0.005722102664197654
2021-07-26,0.0034276063054709234,0.004492035339554775,0.005422705714569998
2021-07-27,0.001999966942695162,0.003410821908735678,0.014614124228331209
2021-07-28,0.0062181738735862056,0.005153431717029749,0.011534679045888688
2021-07-29,0.003236623900965982,0.00306958277029845,0.006540637044699915
2021-07-30,0.007782492745844585,0.004317905815679396,0.007666958100746519
2021-08-02,0.003723430899467366,0.002045431868826288,0.007236612267305485
2021-08-03,0.0026901034269578438,0.001284639383373096,0.00975910850126785
2021-08-04,0.001562707806889214,0.002207212440048459,0.004818956778942821
2021-08-05,0.0019725827573060157,0.0018728453990983823,0.005297487004602192
2021-08-06,0.0007911522803316247,0.0016485328058028356,0.005427139004252362
2021-08-09,0.006096651811600205,0.004102990033222591,0.00461446859184281
2021-08-10,0.002379575311906139,0.0027126718163322694,0.00995410875235234
2021-08-11,0.0015287470920571618,0.002908909574468085,0.007285612570993327
2021-08-12,0.0012659492953992738,0.0019840608223015105,0.0075002500083336116
2021-08-13,0.0012268107893035362,0.002057374193227257,0.004871098150970906
2021-08-16,0.0019676901962729634,0.0020852641334569047,0.012931248860226462
2021-08-17,0.0017017480091200475,0.003376644872962013,0.007308383831657455
2021-08-18,0.0028723635209832836,0.0029636042755818988,0.0048234999582742214
2021-08-19,0.0026785714285714286,0.007644279446506919,0.009188128193847508
2021-08-20,0.0032121526441704447,0.004726864345698051,0.00928306675126056
2021-08-23,0.003512259774685222,0.0015525385657186271,0.00978383023732399
2021-08-24,0.0008807985907222549,0.0031451665471612022,0.004402197838031728
2021-08-25,0.0011391560481049325,0.0019204478875073237,0.004165242999625779
2021-08-26,0.0022287657193056664,0.003357564298986211,0.006308891134948322
2021-08-27,0.002224257490514196,0.001648414421178045,0.009721586824390564
2021-08-30,0.0023165022436053197,0.0012954626420960587,0.008556824431432176
2021-08-31,0.0014097593797058729,0.002028008878527059,0.005862566074002883
2021-09-01,0.0015545370043911664,0.0028000896028672916,0.004926423544465771
2021-09-02,0.0019859064702114028,0.002145098290324646,0.004260207744961946
2021-09-03,0.001506313697839882,0.001472306239697857,0.0073124085948925634
2021-09-06,0.0013573071027082268,0.002073166842088476,0.0013385600917869777
2021-09-07,0.002053878486816966,0.002884737982914701,0.004535292238901309
2021-09-08,0.002073894454725289,0.005102935782742509,0.008473764841057066
2021-09-09,0.002033952594490711,0.002940514831121252,0.0034387895460797797
2021-09-10,0.0018315018315018315,0.002661450650933111,0.006970423661071143
2021-09-13,0.00362400906002265,0.0037715081176451547,0.012870634039609375
2021-09-14,0.0018615643615643616,0.0037867754150888435,0.008907392167304061
2021-09-15,0.0024691358024691358,0.002792298451248417,0.008162934112301201
2021-09-16,0.001982623833395122,0.0022447595361906915,0.007091165185293118
2021-09-17,0.0023551805907309127,0.0021415689810640216,0.009687575684185032
2021-09-20,0.003598534415074588,0.00685099896743317,0.010745555850358185
2021-09-21,0.005586312700106724,0.007536520584329349,0.01042616320509208
2021-09-22,0.009354521351986793,0.0035527517224205195,0.008182844243792325
2021-09-23,0.0027012336731836676,0.006416901130361814,0.010288776030110284
2021-09-24,0.003627391709285796,0.00530226164370111,0.00480057869989807
2021-09-27,0.006332006005613944,0.004953067654032284,0.008593865757890057
2021-09-28,0.0035756067821186704,0.015090924051674484,0.013965270139652701
2021-09-29,0.006110669126732908,0.006970635775862069,0.008014037218876011
2021-09-30,0.0053149173141048426,0.004596501271193575,0.007241850807744898
2021-10-01,0.01071264602356782,0.00632716577174322,0.013494221617946976
2021-10-04,0.008725059181602976,0.005542709466811752,0.021626400530458882
2021-10-05,0.006865028029322984,0.00593430858404637,0.012545667608740608
2021-10-06,0.00777520120038194,0.00909496516456739,0.014082082357801956
2021-10-07,0.0065682556879739975,0.004107467510605346,0.00930638848292429
2021-10-08,0.004012423403005121,0.0052685620023902105,0.008504511743927143
2021-10-11,0.008440100605999224,0.005391974578276597,0.011882765751868866
2021-10-12,0.0067910269939067975,0.008022942200675976,0.009891766459459002
2021-10-13,0.0037515417294778676,0.009488152631039082,0.007577940902232696
2021-10-14,0.004671552614207613,0.004225304693286648,0.007205456038339729
2021-10-15,0.0037673222139241558,0.0050810148789328215,0.004340982520089471
2021-10-18,0.005744470122152526,0.003711558854718982,0.007926242828242629
2021-10-19,0.0031066564201507546,0.0027932504614580442,0.004859593620560321
2021-10-20,0.002838881318538706,0.0028445571430893517,0.00431265098331685
2021-10-21,0.0024580823701774376,0.003834418392154943,0.00692340273026423
2021-10-22,0.0031690827536891373,0.00271169927742145,0.005057545793483547
2021-10-25,0.002773382057849487,0.002408266211048735,0.007254020544944094
2021-10-26,0.0038120054043620922,0.0029066032887975334,0.007757529130804123
2021-10-27,0.0033156818876853,0.0026492405510420347,0.006518632692709086
2021-10-28,0.0022924014107085604,0.0046272575893428975,0.007147985640207419
2021-10-29,0.0030612732983625376,0.0027971357330093985,0.005837758300812488
2021-11-01,0.003399379927920555,0.002880755608028335,0.00630596544330937
2021-11-02,0.002092379334214335,0.0022652194431335535,0.0065707577643666385
2021-11-03,0.0024282871958766117,0.0015827743997994107,0.0038797284190106693
2021-11-04,0.003564896617998078,0.0036196575247111236,0.010784753016795167
2021-11-05,0.002448729721456994,0.003181839041776935,0.004494210847044485
2021-11-08,0.004833364021358866,0.0031150257795236926,0.005596415847337115
2021-11-09,0.002482302105359934,0.0032324779777862887,0.012350390815828042
2021-11-10,0.0035954015893835353,0.004334279368213228,0.011132503182933268
2021-11-11,0.0043154668834823945,0.005679867677807946,0.00447128596047259
2021-11-12,0.003583950136345929,0.0025719362783302676,0.006891723708774113
2021-11-15,0.001896713904609169,0.0018338727076591154,0.006634443691890894
2021-11-16,0.0029323702811988764,0.0024090803798934445,0.006854508038187192
2021-11-17,0.001242502799466184,0.0030073342130297357,0.005133234244035488
2021-11-18,0.0013937815898299893,0.003622856094652848,0.007165507988779119
2021-11-19,0.004605153530365231,0.0022034077360740104,0.006087981146897094
2021-11-22,0.0029818828029698347,0.002377155237264165,0.007768128136550771
2021-11-23,0.00580828099274346,0.0048187979011458035,0.01570632539342355
2021-11-24,0.0017944510053526787,0.006333083477382938,0.010401876659053028
2021-11-25,0.0016809290953545232,0.00181162178208778,0.002364571097313542
2021-11-26,0.009600292580345306,0.007907570652759188,0.012737677681373454
2021-11-29,0.013273922662262799,0.005292714824217248,0.006511799750611925
2021-11-30,0.0029691211401425177,0.004744994795812159,0.019214307551207583
2021-12-01,0.00812870448772227,0.005845275704714375,0.006548748393414529
2021-12-02,0.007582550694542766,0.005525121302238222,0.0167003728749289
2021-12-03,0.010346441947565543,0.004925646197870244,0.027154185296546136
2021-12-06,0.0050584586017656885,0.00825632720459814,0.014538347871681205
2021-12-07,0.0038015616373531036,0.011420067361165505,0.011461095860667814
2021-12-08,0.005057913877937716,0.0033407572383073497,0.006444995560454365
2021-12-09,0.00235035560575074,0.003220931475064495,0.009855081335026857
2021-12-10,0.0029241575641303337,0.0034331843558139895,0.01002167263560768
2021-12-13,0.005145797598627788,0.0031585693359375,0.009662205616635531
2021-12-14,0.0018181253107906513,0.010546753650201926,0.013363975507248658
2021-12-15,0.003358654027245904,0.007145437128005402,0.007574805129494594
2021-12-16,0.003714390962671906,0.004121508166692108,0.015393098377980977
2021-12-17,0.005432044338077844,0.01240734008756263,0.0167851972061795
2021-12-20,0.01666719377589424,0.006985052628206155,0.008377198613429195
2021-12-21,0.005821650158699778,0.006272911136392365,0.012260305476692731
2021-12-22,0.0037236372739220228,0.005703094398746573,0.010446522263465364
2021-12-23,0.001993201483312732,0.0023951910744363573,0.0072909265037535914
2021-12-27,0.003603354953463054,0.0025262577701564747,0.01111858807695837
2021-12-28,0.002339163635814859,0.005856957401201582,0.007047555943740023
2021-12-29,0.003285190904411542,0.002176048356630147,0.009820264904676749
2021-12-30,0.0030938154023476597,0.004034153813488633,0.007177323905192558
2021-12-31,0.005781754001582375,0.0021937842778793418,0.006704046806435885
2022-01-03,0.004386769381266814,0.0018600112820356452,0.01176524446072148
2022-01-04,0.0020002727644678818,0.003448015122873346,0.017565378034191916
2022-01-05,0.00439594220719336,0.003146400148065889,0.008904183577413929
2022-01-06,0.006518119102370946,0.00652042215349297,0.017430374099802436
2022-01-07,0.004224215672314775,0.007103218645948946,0.02016564066763978
2022-01-10,0.006959589480436177,0.009544364508393285,0.017070950120309552
2022-01-11,0.004432780169309799,0.00936467720727366,0.01141948540040474
2022-01-12,0.002559079994945027,0.007405656661151816,0.010869906201963798
2022-01-13,0.0050940192440726995,0.0052829117517189175,0.015924265697000093
2022-01-14,0.006578523057078362,0.005299271954126667,0.014344428740841821
2022-01-17,0.009348936238333841,0.006172641054492846,0.004183295667644372
2022-01-18,0.003518185323223236,0.012245228081527015,0.010620449251518952
2022-01-19,0.01053235993765893,0.014014047177312484,0.014033306587630386
2022-01-20,0.005933287905732188,0.0078030915419766735,0.011108547318456011
2022-01-21,0.009951093601412851,0.007685637040689667,0.01942965650537452
2022-01-24,0.014104788341429563,0.010214961306964747,0.020188852089352408
2022-01-25,0.014970679544670577,0.015891052760392994,0.01886493899222898
2022-01-26,0.021978415976479867,0.020539627224246265,0.01307358858781065
2022-01-27,0.027511624630125405,0.02208258527827648,0.01604688481127468
2022-01-28,0.009299288877909337,0.010765423369277003,0.02038241461420905
2022-01-31,0.009184308841843089,0.008466522678185744,0.02127586147395303
2022-02-01,0.004522908785203867,0.007944506029762505,0.014905647751605995
2022-02-02,0.0029578954326128625,0.006411629938520875,0.010697038123650509
2022-02-03,0.007709139875441845,0.006478897065042713,0.011221436343852012
2022-02-04,0.005941096817874069,0.00982659935502389,0.016116534944986827
2022-02-07,0.007968670185595095,0.008648960935243241,0.009263508575119405
2022-02-08,0.004571917808219178,0.005439818787109174,0.011022130371135795
2022-02-09,0.0031702975332711706,0.007213934550860773,0.006568804879683625
2022-02-10,0.005859018406944513,0.004894371472806273,0.01995963981074802
2022-02-11,0.006446345653394111,0.006467883612407356,0.012023196095437307
2022-02-14,0.0066491228070175434,0.017435034782456324,0.010750039586888822
2022-02-15,0.005804166374412569,0.020604828818726564,0.007013422239112785
2022-02-16,0.0028790786948176585,0.007715652487011985,0.009370263194157366
2022-02-17,0.0040775068957837205,0.007954271547123033,0.011944684528954192
2022-02-18,0.011461368653421634,0.004545454545454545,0.013200042240135169
2022-02-21,0.01978104674705703,0.013595085942893558,0.0069252826922036465
2022-02-22,0.01156798245614035,0.011082507166201091,0.01774039587198098
2022-02-23,0.005492434440794788,0.010294856158978407,0.019934979100425135
2022-02-24,0.014646717466674083,0.017049454836070253,0.03355961372980208
2022-02-25,0.009669650239045258,0.009220331643239927,0.01843581406981314
2022-02-28,0.01951403751731084,0.01439056498295854,0.014848312206238428
2022-03-01,0.0068393199360022505,0.01550849985087981,0.009929453262786596
2022-03-02,0.006755191159433206,0.01470798229330287,0.012706593211302648
2022-03-03,0.003310675166414257,0.0064404043240207775,0.021288456848193443
2022-03-04,0.024255024255024255,0.012538286553583263,0.01569788302834589
2022-03-07,0.01712863733788644,0.007872426322163908,0.024492083001952138
2022-03-08,0.009768124670631635,0.020429882741975332,0.01881644557343118
2022-03-09,0.012033580321779832,0.019357743097238894,0.013801848822891588
2022-03-10,0.005497895195238786,0.009775670253510851,0.013251013638039072
2022-03-11,0.009924690198677935,0.008922658032231951,0.015826708482240538
2022-03-14,0.005687771291722796,0.007501312729727702,0.0142867927377043
2022-03-15,0.005141633854505142,0.01018458363587725,0.017654213066778154
2022-03-16,0.0043695728974916795,0.009883645885194815,0.01866911427260211
2022-03-17,0.00679007933671646,0.007540208475122685,0.013966732145109842
2022-03-18,0.007523076102228467,0.004894080663022898,0.01781582600647848
2022-03-21,0.006039988891974451,0.004518571503340951,0.016612740493337507
2022-03-22,0.006775538568450313,0.008232893199141826,0.01818908307564018
2022-03-23,0.0031902552204176333,0.004193372426019365,0.010219003217093606
2022-03-24,0.0036300150386337315,0.004608691166102044,0.008434460796970479
2022-03-25,0.004690145614629191,0.006851168927834354,0.007704943017289553
2022-03-28,0.006641366223908918,0.005434967799093604,0.011014522223916764
2022-03-29,0.0023529804418930644,0.0034772481490724567,0.01234506774933571
2022-03-30,0.0039580869793719616,0.006559958016268696,0.006165106158512462
2022-03-31,0.0046521638356345815,0.0040798123616662815,0.008570812818089886
2022-04-01,0.0032677000418935903,0.0034380398141781406,0.00842324278067688
2022-04-04,0.0040414926579550045,0.004836109618484685,0.012806095903056343
2022-04-05,0.0012041832997921546,0.003973881212281107,0.014779629598980487
2022-04-06,0.005904717044613417,0.009096125286890779,0.012822927188372054
2022-04-07,0.005708372855048719,0.007722207825861622,0.012614698716065596
2022-04-08,0.00402442170435979,0.005576622797233995,0.01135264030964888
2022-04-11,0.010474032764029279,0.010531489152566173,0.011530379813889428
2022-04-12,0.0076215975011155734,0.007185349770642202,0.013345305375094632
2022-04-13,0.005590295819820465,0.005764046538024972,0.014119080468008098
2022-04-14,0.002920170284628646,0.004571328487608372,0.01622258155230596
2022-04-18,0.012543190325367118,0.005004896094005005,0.012671251421454486
2022-04-19,0.006123435569640651,0.010613355287885025,0.02308024936038341
2022-04-20,0.005299633102323685,0.006204133725670933,0.016331327731682076
2022-04-21,0.004388770433546553,0.008547463247681368,0.0152407832069148
2022-04-22,0.008400145772594752,0.007060368890591648,0.014188918436486831
2022-04-25,0.009336858091006244,0.010337867154634119,0.01736398525095944
2022-04-26,0.003050245868303324,0.009829777031886838,0.023320253658899448
2022-04-27,0.014478689542737365,0.015738081562320507,0.024958242939697044
2022-04-28,0.004813888257145023,0.012036545606186975,0.01875082779890636
2022-04-29,0.012803056091380159,0.0074061605790271,0.020018814675446847
2022-05-02,0.00921096007291202,0.008328652501501095,0.02365516032942001
2022-05-03,0.007048863179267148,0.006515154401539253,0.014055418507257186
2022-05-04,0.003010441277341666,0.004286285790486351,0.01487783012569859
2022-05-05,0.0030925353234199367,0.012257707218017352,0.03149709574667416
2022-05-06,0.008363572856228048,0.010625048649490154,0.027351097178683385
2022-05-09,0.01017453391511305,0.01314322128405289,0.021165933690784587
2022-05-10,0.012309519908241848,0.006789898252867972,0.023266514624094747
2022-05-11,0.00809084457061746,0.010632097276655612,0.027152831652443754
2022-05-12,0.012557790828439335,0.013307027117790278,0.033307185108232454
2022-05-13,0.01677668923180423,0.009220487221271065,0.023038245961094626
2022-05-16,0.00987186719316625,0.009495404467709538,0.013950371603785079
2022-05-17,0.008479424625066406,0.016385473841978408,0.016591614129890922
2022-05-18,0.006959910913140312,0.006425221989424324,0.01129909243425707
2022-05-19,0.009973125052490131,0.015340324038077627,0.01803738120825168
2022-05-20,0.009602454193982183,0.01031807118637016,0.02153622284585802
2022-05-23,0.012620091016349233,0.015070663275941134,0.016302404341698395
2022-05-24,0.008224926563155686,0.006264815441923467,0.022955189777006727
2022-05-25,0.006923272357723578,0.010455532367882965,0.01894642514241823
2022-05-26,0.008980021030494216,0.011023057792016186,0.025057186627772763
2022-05-27,0.00636734693877551,0.009257937559901303,0.0154543622808785
2022-05-30,0.007575608508293815,0.0028947777432390426,0.004879673904523007
2022-05-31,0.011689173366638045,0.009380273951096982,0.016407991007158774
2022-06-01,0.005449160908193485,0.008054939835338821,0.020889778929595162
2022-06-02,0.007669475487559513,0.00816456578449529,0.015196960607878424
2022-06-03,0.004633219602977668,0.007537737128684093,0.013177101826646151
2022-06-06,0.0064941532699854575,0.010602314311146277,0.010713024369187302
2022-06-07,0.010035501080898832,0.007233599166432894,0.02366139519948623
2022-06-08,0.0036473325184338155,0.005428988826153907,0.012269454581319656
2022-06-09,0.005544554455445544,0.00876756993180779,0.013334396364433636
2022-06-10,0.0035971223021582736,0.006515649738156132,0.01972263743564192
2022-06-13,0.01720768184908226,0.0156367949962256,0.020233293360950616
2022-06-14,0.007190594878355427,0.011013837898898616,0.01509012461946166
2022-06-15,0.007787236850788623,0.008002631001973251,0.009945809484428388
2022-06-16,0.010990662230331651,0.02599170339642209,0.019507458734221907
2022-06-17,0.007785486425591719,0.009593817317728575,0.020508467003261695
2022-06-20,0.014449591881756011,0.006004486869308934,0.004596942703178269
2022-06-21,0.005273176815526333,0.010092863059685224,0.017637836425398484
2022-06-22,0.0070165590794274485,0.011024586578003325,0.026067435321810772
2022-06-23,0.0124970219401789,0.012167185338865837,0.01618678043865103
2022-06-24,0.008769865885221707,0.004976907990467956,0.02057048820625343
2022-06-27,0.007579814624098867,0.01110014800197336,0.015669544885862544
2022-06-28,0.007162819583894007,0.009665242460696064,0.019873176392572946
2022-06-29,0.004152219511151064,0.007516709731149501,0.015810784754804293
2022-06-30,0.00568789291365522,0.010065305946505163,0.020510601471224577
2022-07-01,0.0067999131001520744,0.009619177001621456,0.018836697807103505
2022-07-04,0.010231776667241082,0.005521273140630075,0.003457889390763113
2022-07-05,0.016679286100594916,0.01556745182012848,0.019229509985812507
2022-07-06,0.008375457371882998,0.011328133302161484,0.01086611842800668
2022-07-07,0.0062598466547631555,0.0058913558504727764,0.012626898229717258
2022-07-08,0.003281056541477507,0.004431834655290244,0.014916368477989515
2022-07-11,0.007921973703162617,0.006609165540891614,0.017323292047882823
2022-07-12,0.008739128608041678,0.005696256140945282,0.018461924896387157
2022-07-13,0.004732597623089983,0.0062044723022192105,0.026833863946462217
2022-07-14,0.005946545036020291,0.010859129989546221,0.014881144108741867
2022-07-15,0.00550357732526142,0.00752674531692672,0.011447740853338925
2022-07-18,0.004151617054842861,0.006789664850586099,0.007979875043817143
2022-07-19,0.004282295646332759,0.006662755615152531,0.01266504985179197
2022-07-20,0.004196910100969142,0.005416810371061654,0.01863455122467247
2022-07-21,0.004260450160771704,0.006888541791821859,0.013437737813914366
2022-07-22,0.0032645261460676396,0.004010695187165776,0.012354492632914906
2022-07-25,0.005765599260717586,0.006608373292501108,0.012556089904823228
2022-07-26,0.003167834297898264,0.003025257857548932,0.01085230280571731
2022-07-27,0.009432414698162729,0.005147193457164364,0.012842918106076
2022-07-28,0.003279014308426073,0.006921516368988424,0.016261452425336137
2022-07-29,0.00383119521681082,0.006695305545880259,0.014566329519272074
2022-08-01,0.007202834912564517,0.004353462453804927,0.019927114832906878
2022-08-02,0.006397286933734128,0.005813953488372093,0.01408888629782934
2022-08-03,0.005224053865799861,0.004791159537884935,0.014141958324514653
2022-08-04,0.0033781233486827205,0.003380228495892739,0.011620023353045312
2022-08-05,0.004595846855127652,0.003984138266432232,0.014902902445066988
2022-08-08,0.009393131862939653,0.004490311869139483,0.014116893152647154
2022-08-09,0.0049976336961665875,0.004183308410153514,0.010609877108617662
2022-08-10,0.003103448275862069,0.008653846153846154,0.008789190607372425
2022-08-11,0.006558050894959082,0.0070865263001264785,0.008858741984506468
2022-08-12,0.003540850928302452,0.005429084918376516,0.00770378660697631
2022-08-15,0.003334192977931695,0.004152670628622052,0.0074068601193224845
2022-08-16,0.002925099179144043,0.004498902706656913,0.010006047611193579
2022-08-17,0.002434470639917997,0.0068034675737956764,0.010505095341138176
2022-08-18,0.004758201881063467,0.005055292259083728,0.008245932624244895
2022-08-19,0.0033618412545948244,0.008381390346566783,0.012146428837972983
2022-08-22,0.003742486674479265,0.010371437780853605,0.010798723265992622
2022-08-23,0.002744756934377114,0.01097430925836161,0.011823309363673366
2022-08-24,0.005274588892336333,0.007241312366530771,0.008057313711023958
2022-08-25,0.004191131025957973,0.008591793488730496,0.011993080914856813
2022-08-26,0.0030029459279673097,0.004496951219512195,0.025083675642781075
2022-08-29,0.008970764917901481,0.008122888853144604,0.0121765905546447
2022-08-30,0.004278801935458072,0.010340911355077805,0.025311417996577386
2022-08-31,0.006550218340611353,0.007830381881701,0.012883447875132742
2022-09-01,0.013858645882089583,0.006048387096774193,0.014068886196060712
2022-09-02,0.003720192718180155,0.0057878861987446,0.015236099074951128
2022-09-05,0.007823789273770695,0.006123293338849814,0.0046645064085364596
2022-09-06,0.01005273566249176,0.007461459403905447,0.019706058169975057
2022-09-07,0.009380394766946068,0.008945513689346707,0.00820199754978301
2022-09-08,0.0038108047522976913,0.008767290480065094,0.018561484918793503
2022-09-09,0.005609444928211255,0.007989508725915464,0.012442869510942879
2022-09-12,0.006732140028512593,0.008348205433273845,0.009070966976937215
2022-09-13,0.002643016562903794,0.00365716064272653,0.017382228377591777
2022-09-14,0.005235817941952507,0.010140647266568908,0.010969372034263881
2022-09-15,0.0046387117868236065,0.004134768903262783,0.018402885110767646
2022-09-16,0.005459565744885579,0.004981712700214403,0.011334428854337842
2022-09-19,0.00576761744966443,0.004491112657347081,0.013430910129232853
2022-09-20,0.004960255691841521,0.009450777202072538,0.00662946334913775
2022-09-21,0.003578603716725264,0.007113181417600403,0.0051619644723093
2022-09-22,0.010997963340122199,0.017117543331469615,0.012605222470365917
2022-09-23,0.003647350814718895,0.007585609016038145,0.011582758921560073
2022-09-26,0.009944994499449945,0.014659569749390108,0.017199612403100775
2022-09-27,0.01098051345499536,0.008648624978104747,0.014210365720761954
2022-09-28,0.012190828272159141,0.010146536412078152,0.014694201747418586
2022-09-29,0.004028066528066528,0.012411154824265873,0.021362079564415562
2022-09-30,0.005993761140819964,0.011134865490824871,0.015509766236088142
2022-10-03,0.014460562103354488,0.00974025974025974,0.017176947321026564
2022-10-04,0.010738432984223783,0.007815407517677708,0.013958839874956582
2022-10-05,0.0070505793082693835,0.007504528594841715,0.015018283127285391
2022-10-06,0.009782421740626076,0.012021951271593603,0.01682412320434839
2022-10-07,0.005915872808734612,0.006275378368401624,0.01282418526761122
2022-10-10,0.008673849698448194,0.008704127660539022,0.017283672780465848
2022-10-11,0.007395103303904614,0.01011256520545438,0.014308608058608058
2022-10-12,0.006620689655172414,0.00937614343212587,0.012907827527495284
2022-10-13,0.002647573441385026,0.005563250230840259,0.02131046279578067
2022-10-14,0.012381662486725864,0.015929997756338344,0.03172722191168251
2022-10-17,0.008488805970149253,0.00839560845096411,0.012203158731962278
2022-10-18,0.0052637473401276735,0.00844721595683517,0.019095014688472838
2022-10-19,0.006713632649455622,0.011028678994574244,0.01567869898245693
2022-10-20,0.012372013651877133,0.007139961259516194,0.02139771397713977
2022-10-21,0.007322861340264436,0.010007942811755361,0.020826259196378042
2022-10-24,0.012484914975315415,0.013828126717523688,0.01921299352964479
2022-10-25,0.006417112299465241,0.0039644506404112574,0.013003929401037709
2022-10-26,0.007732406602953953,0.00799181220330125,0.019325460804392347
2022-10-27,0.010641326005561516,0.007558644656820156,0.01756424875010964
2022-10-28,0.006023690184531703,0.005623917395901289,0.023676290268643405
2022-10-31,0.006706922579253828,0.006903267690975979,0.013513807586011794
2022-11-01,0.004212134439109559,0.006164398428512513,0.023867531963519546
2022-11-02,0.005256067666350125,0.004790577066760427,0.007678729037952339
2022-11-03,0.007702505028341562,0.00744874715261959,0.01611376595793799
2022-11-04,0.004597647498132935,0.007380245079836614,0.0228452514349745
2022-11-07,0.010962777546006582,0.01207201821150176,0.011107302022625986
2022-11-08,0.0053785403050108935,0.00942667635834999,0.011849410915000226
2022-11-09,0.007214193926550488,0.010916882823953986,0.011208676513965466
2022-11-10,0.004496817636749377,0.004390703661984782,0.017589045920838285
2022-11-11,0.005120075408642002,0.006199535567438591,0.018194722240144526
2022-11-14,0.005109829530998219,0.005027044225262488,0.009778703684020323
2022-11-15,0.0037387942388579683,0.003211629479377958,0.008505771030466881
2022-11-16,0.005659821578858778,0.004904323769203362,0.010973675864256264
2022-11-17,0.004139160705567702,0.009641464655026275,0.011167864254177127
2022-11-18,0.0038518014087804047,0.009075960450167639,0.015775801989398323
2022-11-21,0.008338309306491513,0.005529361337333905,0.010708614103609597
2022-11-22,0.004142216085605799,0.008421143548108481,0.01095353891841873
2022-11-23,0.0029170037899757272,0.0044926116765319594,0.01236222817992255
2022-11-24,0.0026519616096986024,0.004227484961931603,0.0018465670639583682
2022-11-25,0.0018884948695889376,0.006025234606260366,0.005191447884220117
2022-11-28,0.006904635055940331,0.007142857142857143,0.009398897765625667
2022-11-29,0.002774193548387097,0.0048622713447286125,0.0066468766133195665
2022-11-30,0.003993055555555555,0.004834164318231086,0.005440436968961332
2022-12-01,0.004573959475960842,0.005763330292727424,0.01673301816372232
2022-12-02,0.004152910151788866,0.0035142441255978374,0.009750538179055338
2022-12-05,0.0028748802133244447,0.004459819939979993,0.00927013422818792
2022-12-06,0.004000169319336268,0.004916087472452958,0.01834901262818883
2022-12-07,0.002658654677503026,0.006421343941883594,0.01353229940483948
2022-12-08,0.007326086956521739,0.004063274086306549,0.01677402619860793
2022-12-09,0.004316454065197784,0.00438109078474953,0.013424698860085764
2022-12-12,0.0043062408032545655,0.004108996539792387,0.0067157571962253556
2022-12-13,0.0026729391639046295,0.004859086491739553,0.020974468517953412
2022-12-14,0.004015056461731493,0.005168066351303478,0.009554940910233845
2022-12-15,0.004901445190062478,0.01279263684532731,0.018119584982351052
2022-12-16,0.0036474031363298823,0.014122262177182085,0.015640038498556306
2022-12-19,0.005561072492552135,0.004881695839563726,0.01133961599436322
2022-12-20,0.0041135703107534095,0.009578328187329562,0.016189877397044954
2022-12-21,0.005354035604336769,0.005251095832498943,0.015221751727211946
2022-12-22,0.003764198291802413,0.004333956660433395,0.01872266357225743
2022-12-23,0.005740891420305578,0.003955606790081599,0.017004637628444123
2022-12-27,0.007182096541786744,0.005397657282357948,0.014477672714111206
2022-12-28,0.00428280237271832,0.005715461466358793,0.01559597256943648
2022-12-29,0.002642375356372992,0.003953117414522505,0.01658169124064122
2022-12-30,0.002854941768251235,0.0044883916976145456,0.010608074050313889
2023-01-03,0.01780175320296696,0.012057732331915663,0.02417033905926792
2023-01-04,0.005940820290186222,0.006783673655216372,0.016585852177459556
2023-01-05,0.0065978067980161075,0.004861237903962023,0.010299839780270085
2023-01-06,0.003598200899550225,0.007949675100235034,0.021416766137177485
2023-01-09,0.0033703320900552733,0.00600371872129752,0.01511194446304605
2023-01-10,0.005543262030890275,0.004051210886789919,0.014583473559040631
2023-01-11,0.0028362508309328605,0.006790041272799894,0.008632299370791479
2023-01-12,0.0015033334785829447,0.0034004708344232276,0.018059181897302
2023-01-13,0.005616515591794249,0.0029980447534216814,0.01133578431372549
2023-01-16,0.004843501097860249,0.007009748943145544,0.0025234551924943386
2023-01-17,0.005185825410544511,0.004073584537713159,0.011682293350576571
2023-01-18,0.009531186127068138,0.004161393423282353,0.014878153056861907
2023-01-19,0.003530796390741467,0.005655021834061136,0.011001775186832935
2023-01-20,0.002302429611437593,0.005699754472115047,0.010062783015772318
2023-01-23,0.0029759993148778556,0.004537865490817244,0.018092105263157895
2023-01-24,0.0021159808933210425,0.003038494583097588,0.009548903878583474
2023-01-25,0.014890773150662045,0.006401318291291672,0.010202774813233725
2023-01-26,0.004673782605949599,0.003977974582836086,0.013979322252501508
2023-01-27,0.0020956095941571913,0.0022443423868996905,0.012575484031625474
2023-01-30,0.006591606960081884,0.009329661748386831,0.013304641105754309
2023-01-31,0.0022738651535380507,0.006301685334449911,0.009583063657431572
2023-02-01,0.0031363486299108615,0.0035086995108460093,0.006299536798764797
2023-02-02,0.00463258785942492,0.007857370772176133,0.014154756037456875
2023-02-03,0.011079952150295138,0.006934292149037891,0.023798636101556754
2023-02-06,0.004414572064906141,0.007092622477237862,0.010912143256855064
2023-02-07,0.004515304083752897,0.007817485641352904,0.006178023032629558
2023-02-08,0.002883031301482702,0.006026689625484288,0.012053878674663258
2023-02-09,0.004161688570290721,0.008667539370859614,0.009137355079583416
2023-02-10,0.003936138166482578,0.009406977681089355,0.011146916357593076
2023-02-13,0.008233866073234878,0.006743444437673918,0.012618678062448346
2023-02-14,0.0030883261272390363,0.004169659245072221,0.02268718935385602
2023-02-15,0.006140681021333914,0.004783926008611067,0.008543434102043255
2023-02-16,0.004611459968602826,0.004409343889629223,0.013893324816352602
2023-02-17,0.004292878635907723,0.006335754640839387,0.010290556900726392
2023-02-20,0.0036752827140549274,0.003508984209571057,0.001976882577209368
2023-02-21,0.0036986882794025505,0.010279655186369339,0.008954125439528988
2023-02-22,0.0037165510406342913,0.0066427363122498655,0.011591691933254955
2023-02-23,0.004722307771276049,0.006193728337332595,0.01285451948581922
2023-02-24,0.0042452830188679245,0.004639228163809915,0.010005211047420531
2023-02-27,0.0047488127968008,0.0058273845449437036,0.009314978155139726
2023-02-28,0.0034109232232190844,0.0057238500640575275,0.006843207598034133
2023-03-01,0.005584968338004775,0.00390746139056007,0.01049618320610687
2023-03-02,0.011489930642600484,0.005048805116122518,0.007316044697448872
2023-03-03,0.0037762469914515728,0.005893583464763012,0.01003316920414512
2023-03-06,0.008268156424581006,0.004472054716904771,0.010254232146107638
2023-03-07,0.004788863862340456,0.004051781771033812,0.014808203338945575
2023-03-08,0.0037592440427280196,0.003390178754879803,0.009499189593976325
2023-03-09,0.004455890769356553,0.005589909496703386,0.010084719812187405
2023-03-10,0.0066222407330279055,0.007180539273153576,0.013521384589781993
2023-03-13,0.016393787175014187,0.014379545407454987,0.021583039469770998
2023-03-14,0.005246655518394649,0.006036550070288597,0.010361633288282754
2023-03-15,0.0026561771325452664,0.0033857756872921903,0.010155194299987716
2023-03-16,0.006371610041334812,0.005530417295123178,0.017982624896215143
2023-03-17,0.002950897072710104,0.004081392382709024,0.01616519174041298
2023-03-20,0.007407407407407408,0.010491997628927089,0.009645092291848213
2023-03-21,0.004822929585228055,0.0038980214588050003,0.009706267979100213
2023-03-22,0.002291573611947255,0.005245570407211688,0.006816725252956827
2023-03-23,0.003662859393461993,0.006079799816237562,0.012349280435628161
2023-03-24,0.004564347589636018,0.007556626131551342,0.008458884752567876
2023-03-27,0.004471198513471663,0.008930293561701963,0.008262863556320993
2023-03-28,0.00218570703719605,0.006422645192776965,0.009959886508169456
2023-03-29,0.0039033384331724924,0.004272003745318352,0.0060718927622262315
2023-03-30,0.0028929604628736743,0.0024843045872973077,0.006142482634570122
2023-03-31,0.005158874219003764,0.0032416147054897698,0.00844026886648335
2023-04-03,0.005692957321670939,0.003309630077918148,0.006869795609386828
2023-04-04,0.001866656610604118,0.00285077782812264,0.007282786653870039
2023-04-05,0.0018140589569160999,0.004141687312063846,0.011746845051712687
2023-04-06,0.004207224952668719,0.004125333384500259,0.007742555235350624
2023-04-07,0.0022601659987464624,0.001690568904929243,
2023-04-10,0.005064587719797417,0.002685253956464606,0.006344034499281265
2023-04-11,0.0027728714413233816,0.0029441932910382555,0.0078081957558371485
2023-04-12,0.0022946744430633902,0.004033954039689519,0.013262901877327659
2023-04-13,0.0028941884695531375,0.0033155348227538214,0.009095968221680644
2023-04-14,0.0029204278237123567,0.0028983859968174587,0.010636071313050593
2023-04-17,0.0030842005676442763,0.002671770189866222,0.0071794871794871795
2023-04-18,0.0014601031553398058,0.00550044572577433,0.010617469879518072
2023-04-19,0.0015375270490869746,0.004522565320665083,0.005234901893353203
2023-04-20,0.0032669807020209696,0.008558412595543526,0.00856223422595104
2023-04-21,0.002387500955000382,0.004070245170166823,0.007600850069881871
2023-04-24,0.002180566182096404,0.002513671687613931,0.009615752246224431
2023-04-25,0.0023179632574088617,0.004648125384142594,0.006582872981348527
2023-04-26,0.005680061823802164,0.004137161330049261,0.005482519642477944
2023-04-27,0.002583879676050906,0.0031780885242112564,0.00805168414393344
2023-04-28,0.0031403707907680664,0.003402968144437092,0.009133715323083906
2023-05-01,0.0023090786213111063,0.005491313229754297,0.0038531661748397645
2023-05-02,0.0028969149736644095,0.0027058005599503937,0.013232087812946394
2023-05-03,0.002887099225041787,0.002483318168031544,0.004110237711904536
2023-05-04,0.0065638395590936925,0.005433646812957158,0.00643977756970056
2023-05-05,0.004460183767228178,0.0028053435114503817,0.011682554179272029
2023-05-08,0.002891258636227095,0.002797859355929021,0.004191414179385009
2023-05-09,0.0011058214941710087,0.003973534759057597,0.0032377080039153678
2023-05-10,0.0024889224097294237,0.006256477904456798,0.010137283507275652
2023-05-11,0.0032997762863534678,0.0032379924446842958,0.0053436109404382875
2023-05-12,0.003681392235609103,0.002040362071523965,0.007796257796257797
2023-05-15,0.002859011492105017,0.0023477240119994785,0.005720461363594015
2023-05-16,0.001170046801872075,0.0039958368955135114,0.007386871092587079
2023-05-17,0.0024076749268437236,0.0029604958830604126,0.004768946395563771
2023-05-18,0.0013562552692349987,0.003262762349922097,0.010162043394671794
2023-05-19,0.004403781860013661,0.0031445975813552316,0.004838738690122857
2023-05-22,0.005269638912027815,0.0016048180605142631,0.007203206239168111
2023-05-23,0.004869458968968429,0.0027276316261709076,0.00403080037596703
2023-05-24,0.002075897734722121,0.003240310924216773,0.007677789383028238
2023-05-25,0.005818981047776897,0.0042656255648338935,0.008205091456314158
2023-05-26,0.00454293430630824,0.0037423675398857593,0.01815458144594643
2023-05-29,0.0050562770562770564,0.002342448639644642,0.001495314102898475
2023-05-30,0.0019965971040661135,0.006374183687647631,0.010992419021364577
2023-05-31,0.0032297834655923875,0.0025249886810852227,0.009630146545708304
2023-06-01,0.005983414395185276,0.0033410299468233976,0.009232060428031893
2023-06-02,0.0016041120463640127,0.002481774468745153,0.010967287229470716
2023-06-05,0.004579131508540852,0.003371173030615755,0.007138812142844886
2023-06-06,0.002314497325469757,0.003274809683835128,0.007022182542407802
2023-06-07,0.0019356606940970913,0.0029494984137871903,0.015573335160787405
2023-06-08,0.002200335289186924,0.00544401071297285,0.009153996373273817
2023-06-09,0.0025831783426327752,0.0031201516979831065,0.008961834944288977
2023-06-12,0.003725897563572054,0.0034422523633374433,0.004650288078507804
2023-06-13,0.0018213707501349163,0.0028414283577873414,0.011061800357686958
2023-06-14,0.001935772075246935,0.004620123203285421,0.00829717465469842
2023-06-15,0.003908816187097622,0.0047735053989992095,0.011062677498183739
2023-06-16,0.0035463300364393545,0.004799869834038399,0.009210781462090362
2023-06-19,0.0034469802166206525,0.003500621605705686,0.0014753130942233297
2023-06-20,0.0018695267145527896,0.005417829584633065,0.01211254642868882
2023-06-21,0.0022462698803082473,0.0029348111227701992,0.01193941486999852
2023-06-22,0.0025101820297564626,0.003133176674499608,0.012348563227981177
2023-06-23,0.004660015752165922,0.0056268770007590506,0.006813573968823744
2023-06-26,0.0037854261094785076,0.0059002916998143725,0.00851261929305357
2023-06-27,0.002235294117647059,0.001912142102349922,0.006100115634060096
2023-06-28,0.003728066541845476,0.0034837425348374254,0.012092883994810207
2023-06-29,0.0018963129081195171,0.0032842077467694288,0.007688873456024604
2023-06-30,0.00248245730173441,0.003202799973585155,0.009064384998688696
2023-07-03,0.0020872741504141933,0.003321772263201602,0.005177382328519562
2023-07-04,0.0016279221202057693,0.0015149047076071021,0.0015133024164022456
2023-07-05,0.001661752007950343,0.0036665254375387022,0.009121522215320234
2023-07-06,0.0021981600586176014,0.0027308553954834597,0.006761647802053172
2023-07-07,0.002070767663155127,0.0032360333130739033,0.006471535100686574
2023-07-10,0.0046715136362141,0.004622879109225875,0.008520948017272637
2023-07-11,0.0017932645641050952,0.0038799835593916975,0.008156821470859098
2023-07-12,0.001720408965788439,0.0019802952440181993,0.0064321705740347694
2023-07-13,0.0020216396306060066,0.0037259867412939335,0.00444587111788781
2023-07-14,0.0024842346646283204,0.002559252253254701,0.008634397659330873
2023-07-17,0.0018323773103887827,0.0033316860882179463,0.004624994039956134
2023-07-18,0.0022422940879231936,0.0017853193035674787,0.00524809914481276
2023-07-19,0.0014263993604714956,0.0020828765621574217,0.00454325459399541
2023-07-20,0.005244069020740764,0.005189495203648372,0.012362832557037972
2023-07-21,0.0030627134679216844,0.004597811633905257,0.010852070817331442
2023-07-24,0.0024749292877346363,0.004310483481841284,0.008665789389222326
2023-07-25,0.0015093127809890816,0.004561736029683409,0.0054204888062095065
2023-07-26,0.007580934823032056,0.002413104274870156,0.006866636788526794
2023-07-27,0.0039325393653584844,0.006061763161662927,0.00896761868674908
2023-07-28,0.003465982028241335,0.005464917466962816,0.00775206112690823
2023-07-31,0.006088328075709779,0.0033023637972443435,0.006289407313997478
2023-08-01,0.002347306898561684,0.00409874830532522,0.006852783844522521
2023-08-02,0.006711302912991051,0.008161901579876856,0.011712142971118557
2023-08-03,0.0036555974313766722,0.008375913589030464,0.007520510483135825
2023-08-04,0.006783887053947283,0.004629257550672689,0.01229732778905973
2023-08-07,0.005237305227546274,0.004049107576690097,0.007532316065701234
2023-08-08,0.004598257502420136,0.0028061183111385054,0.00973730411600234
2023-08-09,0.0033546664061100528,0.00352524530508805,0.010643838291777879
2023-08-10,0.002384476237460944,0.0038052124850333777,0.011045210202114275
2023-08-11,0.003383927984755897,0.005632553862322648,0.008100452233836368
2023-08-14,0.005296610169491525,0.010796019900497512,0.014135682643969937
2023-08-15,0.003992407880096865,0.009323971260613979,0.009967159277504105
2023-08-16,0.00352398127161127,0.004947136782541075,0.006167210994877236
2023-08-17,0.00438413011830458,0.004037053788297569,0.010053853977357988
2023-08-18,0.0039835909953892055,0.0035742720173462302,0.00616788258811871
2023-08-21,0.0041151566469093985,0.007756148062660172,0.008576010804423061
2023-08-22,0.0022705265618217637,0.006546644844517185,0.008150283272040553
2023-08-23,0.00426143485018132,0.004308050565535596,0.012325732464979929
2023-08-24,0.004793582469184113,0.0032960431245839354,0.020181930814124092
2023-08-25,0.003067484662576687,0.006934275856265253,0.019735186024266223
2023-08-28,0.0037522513508104864,0.0036988287042436564,0.00846166583871502
2023-08-29,0.0025333222948919613,0.005139136757221231,0.017593314208964133
2023-08-30,0.002365905039701831,0.003354943273905997,0.008578610232708991
2023-08-31,0.0010635726371766982,0.0021926642482869812,0.00761671158159725
2023-09-01,0.0023818720226599717,0.00405392361893118,0.010922407727243651
2023-09-04,0.0023200360894502802,0.002219149004599106,0.0038733526197364193
2023-09-05,0.003010738838531017,0.005548387096774194,0.006297737658856395
2023-09-06,0.0025143041340962204,0.0049787316318638825,0.009048678989644827
2023-09-07,0.0015924601884952877,0.004888461601134123,0.00814117956646163
2023-09-08,0.002338703082835882,0.005402229439702306,0.007906108819485367
2023-09-11,0.00243336817350405,0.0030850311716691305,0.007010804321728691
2023-09-12,0.0016440805120592507,0.003878505418734937,0.007467709368289478
2023-09-13,0.002032159734206409,0.004035773092693636,0.007611061839877449
2023-09-14,0.003115164750465669,0.004000704123925811,0.0088348271446863
2023-09-15,0.001467117433182369,0.0039140811455847255,0.013084142083853816
2023-09-18,0.0026166523102927075,0.0024011941073398663,0.006284290900802631
2023-09-19,0.0019611974650307145,0.0037513397642015005,0.008124389449690654
2023-09-20,0.0021463065641209086,0.003680661867691606,0.005139679296982668
2023-09-21,0.0038821799679513653,0.004059719299408441,0.006755404323458767
2023-09-22,0.002726446531354135,0.002499287116091048,0.008518828451882845
2023-09-25,0.0035953697014499083,0.009992120307810954,0.007689972680360214
2023-09-26,0.006304769549802663,0.006223298684697413,0.00821247892074199
2023-09-27,0.002614556628919713,0.003285518315917828,0.008405070155222667
2023-09-28,0.0034185141309866305,0.004383441085874826,0.008846546444368834
2023-09-29,0.004638187745773535,0.005711214136934758,0.006049395060493951
2023-10-02,0.005061810892081523,0.005404500962101565,0.00971510210942096
2023-10-03,0.0032689549351212514,0.005081572612998127,0.015641538280606843
2023-10-04,0.005488063885821085,0.006673721581211169,0.00782891615264692
2023-10-05,0.003204052875260015,0.0038202473107469587,0.014102220135488631
2023-10-06,0.0019691996970462003,0.0038917716827279467,0.013503655826420343
2023-10-09,0.0034241452103522217,0.004095835900168162,0.007810288264583923
2023-10-10,0.003273780146744316,0.0034342803621604744,0.009653970133543846
2023-10-11,0.0017667555497390764,0.0028611133818360174,0.005660592812515294
2023-10-12,0.002158039915625507,0.0022362301696618107,0.00617173669422293
2023-10-13,0.0018108848864526233,0.0034430991155641136,0.011732307842721895
2023-10-16,0.004464285714285714,0.00674639175257732,0.010345452448808131
2023-10-17,0.0022867223102428827,0.004140278527828236,0.012336096707071375
2023-10-18,0.003462081186624225,0.003827326784716975,0.008641342960527402
2023-10-19,0.0026586905948820204,0.00647098065376918,0.007506213753106877
2023-10-20,0.0025252525252525255,0.006170029838668892,0.013725820016820859
2023-10-23,0.0036444141689373297,0.00554450056975696,0.012823146721451807
2023-10-24,0.002916440586001085,0.005715831839550851,0.008086207771556173
2023-10-25,0.005310898300512544,0.004485671242615569,0.010344944544313672
2023-10-26,0.007972270363951473,0.005938864628820961,0.013314148015879896
2023-10-27,0.005018160124927623,0.004642476918512313,0.0066750541692877615
2023-10-30,0.0034005301339285715,0.0033125283308344084,0.011851104188782347
2023-10-31,0.004007494535234725,0.00678433150790052,0.008426235761221977
2023-11-01,0.002714384508990318,0.004306244919841586,0.009245708579397738
2023-11-02,0.003895334067236853,0.004392114465260064,0.006400589792567273
2023-11-03,0.002595793140407288,0.0018375597206909224,0.008155604278785462
2023-11-06,0.002617370119180878,0.0022218564845292955,0.00476848197842673
2023-11-07,0.0015773907328294446,0.002861983321545471,0.011226944667201283
2023-11-08,0.0010895726273336369,0.002085811592549742,0.005344900412645807
2023-11-09,0.0020838420838420837,0.002371554342705846,0.005631471323314616
2023-11-10,0.003081007555023845,0.004180944729550261,0.0055618078321997685
2023-11-13,0.005357286069452242,0.001979114708201258,0.005344580563112735
2023-11-14,0.001349787890474354,0.002568506894835696,0.007130660258031874
2023-11-15,0.001966027052532243,0.003326899235754751,0.004465055069012518
2023-11-16,0.0035969520564153533,0.0017170221480104597,0.00575682538681135
2023-11-17,0.0009592552405214575,0.002737915407854985,0.003388441474523648
2023-11-20,0.003491664045297263,0.0053167153111935,0.006763133060710916
2023-11-21,0.0019114219114219114,0.0020337825249953424,0.006494723037532005
2023-11-22,0.002583412923327436,0.002866990443365189,0.010454425239969508
2023-11-23,0.0017304004863828394,0.0014469303295267138,0.0014474257610658035
2023-11-24,0.0012295719844357977,0.0028192268153640074,0.004476401409988458
2023-11-27,0.00399800099950025,0.0027575833542241163,0.005078442402650166
2023-11-28,0.0017181862201465143,0.0037167174201608497,0.005602679270086701
2023-11-29,0.0028650618168228957,0.004183709970916217,0.00764836117605165
2023-11-30,0.0013871354872897867,0.0024752475247524753,0.010603461718384532
2023-12-01,0.0012691946098401755,0.003447087211306446,0.006244704553299652
2023-12-04,0.003323555111721383,0.00375751503006012,0.00978723404255319
2023-12-05,0.0021748380691220272,0.003386826195676257,0.011256233673711707
2023-12-06,0.0057558029816946596,0.002833304635035925,0.010103845074375527
2023-12-07,0.0015966359986088717,0.0038778094333649887,0.00753094748733075
2023-12-08,0.0015139690963009208,0.002544886807181889,0.010419278014539984
2023-12-11,0.00388367613247996,0.002412826899128269,0.00814803296532421
2023-12-12,0.0026169950738916255,0.0018056019178830456,0.0062027760463383855
2023-12-13,0.001400939985538684,0.0015062963186117974,0.0036123904994129867
2023-12-14,0.006541499031440918,0.003421765986757321,0.006569364763235338
2023-12-15,0.0025240079453977926,0.0023552209882984274,0.005748324646314222
2023-12-18,0.0026010314947756425,0.0028199533965596567,0.004333244294067017
2023-12-19,0.0014334692912454927,0.0018020679468242246,0.0037163208423660575
2023-12-20,0.0013950892857142857,0.004594090795673042,0.0060345588884636895
2023-12-21,0.0020398743318294846,0.0028793208364872288,0.0068253335106147235
2023-12-22,0.0028898325076669026,0.00144938253346151,0.0030736650146329985
2023-12-26,0.002741018008193581,0.0020116292728767768,0.0032334871689350068
2023-12-27,0.0016676175012068284,0.0016382412310212678,0.004051662351719397
2023-12-28,0.002189525310912594,0.0007871261150953297,0.003280218098056653
2023-12-29,0.0015067070405640644,0.00146121924133497,0.006232079115220317
2024-01-02,0.002203419707385863,0.002866930326241969,0.011179148071819354
2024-01-03,0.002225641178842965,0.005280952665908683,0.006592414208308248
2024-01-04,0.0018283193061452683,0.002504564039891972,0.006001853737103611
2024-01-05,0.0012306289881494985,0.0029246447013663575,0.007963888931106281
2024-01-08,0.002625986642380085,0.005094592128474968,0.010038154069767442
2024-01-09,0.0009232785322849655,0.0038874573645720075,0.00547415150651649
2024-01-10,0.0020351169078106895,0.00570978246323584,0.005478028503562945
2024-01-11,0.00306694190504276,0.003101572835513744,0.012894109334981895
2024-01-12,0.0026536539340419572,0.0036855217961759027,0.0075846660395108186
2024-01-15,0.002564593865609386,0.004115528771955611,0.0023735460187819728
2024-01-16,0.0049083190849596135,0.004857388265260789,0.010566294260211622
2024-01-17,0.0031953115796913654,0.003458410021967583,0.009138051440543232
2024-01-18,0.0022694235960722658,0.0038775177966227114,0.005500970759545802
2024-01-19,0.003783010049076887,0.004923166557424805,0.004362811395663365
2024-01-22,0.005897171647772816,0.00237986661346406,0.008343673783749091
2024-01-23,0.0021619609415268314,0.003819305372775648,0.00448892065761258
2024-01-24,0.0020650563974023016,0.002795079524978363,0.0072064434082238235
2024-01-25,0.0026398330944237074,0.002964749272998085,0.005007899785577249
2024-01-26,0.003571174503805933,0.0038286808194519842,0.006991214705756717
2024-01-29,0.00475659924580048,0.002921060131091479,0.0032767266925005697
2024-01-30,0.002046663937781416,0.0031486946330994167,0.003864282984415474
2024-01-31,0.002985845941833424,0.007242843210372325,0.008218390804597702
2024-02-01,0.003343319873214363,0.0053988333888173225,0.005879124053851043
2024-02-02,0.0030276324766886514,0.0032373487817345375,0.011494909397266925
2024-02-05,0.0036307640144665463,0.002952936688472244,0.010325711303268398
2024-02-06,0.0021612001017035343,0.0024948552420150536,0.009554140127388535
2024-02-07,0.0038111159911026734,0.0026207306880480516,0.008819309646383661
2024-02-08,0.0012600630031501575,0.0021982637916549987,0.004737675735531167
2024-02-09,0.0014422336418499796,0.0036389592576523116,0.006826176782623262
2024-02-12,0.002258869179600887,0.0021500901650714386,0.004270719227942706
2024-02-13,0.0013107621942716904,0.005653966131907309,0.011629226230996142
2024-02-14,0.0020194317347342256,0.0058039370745897705,0.0058463916801349165
2024-02-15,0.002084499160604365,0.00251452838623156,0.005939736135957066
2024-02-16,0.0026598707664884135,0.003996323938955108,0.011881685191124996
2024-02-19,0.004357206311603706,0.0027555955460578114,0.0019393734980395463
2024-02-20,0.007069471968067912,0.005012495940584273,0.013702314388845636
2024-02-21,0.0029306322198827746,0.00409766091855899,0.004415610397404936
2024-02-22,0.006778703572941675,0.004767847877606541,0.006202503352704515
2024-02-23,0.0019141941658690857,0.0028129590111686943,0.007262986385352517
2024-02-26,0.0036884447290037024,0.0035671984950881347,0.004703825500561962
2024-02-27,0.001768703693387555,0.004110008916629514,0.005078184618373038
2024-02-28,0.0014846676841959207,0.006238017171913641,0.003933328684008648
2024-02-29,0.002714045886961388,0.004985476483074517,0.005074875207986689
2024-03-01,0.004647302904564316,0.0025908877925084756,0.006119967949603514
2024-03-04,0.0021269633507853404,0.00256102877070619,0.0029732273155030618
2024-03-05,0.0036446344404252986,0.0036440141910288495,0.01246294892121045
2024-03-06,0.002377509593459763,0.005282913944112331,0.009003410801331178
2024-03-07,0.006360512166731334,0.008950570024638428,0.009006036106642468
2024-03-08,0.002284041796597188,0.0045394260087233546,0.008106780216180805
2024-03-11,0.005150642445724413,0.006090455049944506,0.00735692928169112
2024-03-12,0.003678409816495933,0.003721779910568219,0.01490866395434563
2024-03-13,0.0019220877663174423,0.0037736359455730786,0.0068915930704217705
2024-03-14,0.0023579762294188202,0.002896579859930645,0.010598495258567911
2024-03-15,0.002451920442715468,0.003115435817904835,0.008015424872607079
2024-03-18,0.002794146125542922,0.002726408988887818,0.0056606869394005685
2024-03-19,0.004157062891010866,0.005137221504903712,0.005470353988397889
2024-03-20,0.0031191857283572287,0.002466091245376079,0.0048449612403100775
2024-03-21,0.00335765045375477,0.0032642424405249656,0.004749163879598662
2024-03-22,0.001964425069293076,0.003256583816662405,0.003506405933917734
2024-03-25,0.002612161361555448,0.0017785682525566918,0.0068935628478946865
2024-03-26,0.0015784148397976392,0.0037336568270656422,0.004012117132278694
2024-03-27,0.0015153565146800163,0.002728476105573115,0.010408531494896723
2024-03-28,0.001648203188327479,0.0019589829500932204,0.004405405405405406
2024-04-01,0.006026049829757337,0.0024633194238793915,0.007580876192535337
2024-04-02,0.002257092270472638,0.003465219215723432,0.004948735475051265
2024-04-03,0.002902698282910875,0.0023255495820850604,0.010663084893506208
2024-04-04,0.005818854175163825,0.002767002143070287,0.0043821209465381246
2024-04-05,0.0036215356970073953,0.00251266687835655,0.011495203440291101
2024-04-08,0.004823348275721118,0.0053690725029714335,0.0075558162054527355
2024-04-09,0.002129431196167024,0.003754214959522737,0.01328077210630055
2024-04-10,0.0010064740764920298,0.002109331409985983,0.006959757442116869
2024-04-11,0.002337219533655961,0.0032411349465762077,0.00572124662952875
2024-04-12,0.001501115694096964,0.003502129673450071,0.008198065256599442
2024-04-15,0.005963858740565258,0.0026564061836754256,0.009176063155311345
2024-04-16,0.0026707310252251245,0.0030370038627330234,0.0061281882668979895
2024-04-17,0.0027797954964519193,0.0080640645125161,0.010914811566358991
2024-04-18,0.001994934846276829,0.003480098626276858,0.01012815797663168
2024-04-19,0.017597649843845813,0.00627437436140972,0.010060017147756502
2024-04-22,0.004483914500892429,0.004166305008245812,0.009616079820692647
2024-04-23,0.005013759022605138,0.004729768702774413,0.010628989457075235
2024-04-24,0.0037891641217056896,0.003029662509687874,0.006640911398116294
2024-04-25,0.0032664756446991404,0.005869016186430949,0.00799539004537924
2024-04-26,0.00475903022475538,0.0037419463748136063,0.010835322870018507
2024-04-29,0.003344575210960131,0.0022598239569238494,0.006640069190636945
2024-04-30,0.0011859251611463014,0.002263771275257818,0.004331067348798094
2024-05-01,0.0037365783822476736,0.0035841782093388548,0.005242332909566186
2024-05-02,0.003488305598444559,0.004574800119714396,0.012298811351873969
2024-05-03,0.004818462318779323,0.00275963054742059,0.008715021578727552
2024-05-06,0.0038093918825322067,0.0022783473646189327,0.004108054276111042
2024-05-07,0.001539349624783529,0.002282728272827283,0.0038437778845493856
2024-05-08,0.0018962295262174344,0.0017450088624465848,0.009054965715549658
2024-05-09,0.0012939994218300456,0.0023141770896468127,0.006227060909728236
2024-05-10,0.0015637002084933611,0.0038402984460506645,0.008728128377361588
2024-05-13,0.0019053624300910189,0.0014756517461878996,0.004582213918474777
2024-05-14,0.0011213215184334318,0.0015588890864089485,0.005759470292898477
2024-05-15,0.0014530343975339155,0.0013983355733854655,0.006793808584780788
2024-05-16,0.002554397977879716,0.001375295421467961,0.004162484106270494
2024-05-17,0.0015288059221113615,0.0030808385238764984,0.0030292875812613093
2024-05-20,0.0021332546220516812,0.001191320759768161,0.0073349961112452065
2024-05-21,0.0009868772004694335,0.0014534883720930232,0.004321417103714011
2024-05-22,0.0011703217054779035,0.0018464399574920297,0.002339430029774564
2024-05-23,0.0035656530844887465,0.0013984168865435356,0.009509259015357058
2024-05-24,0.002742988653393278,0.003353911114674363,0.007155325187544138
2024-05-27,0.0028079842117114135,0.0015635766152541474,0.002039302929180571
2024-05-28,0.003680641671723701,0.0036992020292765417,0.005153208863519245
2024-05-29,0.0024934694846829733,0.004586365504168821,0.006328186408387845
2024-05-30,0.003199488081906895,0.004297246281744066,0.006608134933852036
2024-05-31,0.004841117222274518,0.0031962669759538227,0.014810235458552843
2024-06-03,0.005688465728002582,0.0030165710301925243,0.009859587714258995
2024-06-04,0.0015137307434695245,0.005550639530206741,0.005164249976526136
2024-06-05,0.0027523916412805303,0.003039068019140797,0.007255123018767823
2024-06-06,0.0021346813693391654,0.0018339009693476552,0.00437109840206253
2024-06-07,0.0014687368862778011,0.0015450688734091028,0.006564953651427221
2024-06-10,0.0026675427069645205,0.002743682310469314,0.004844973997761833
2024-06-11,0.0016355048476363683,0.0029310931407186412,0.007450939238115227
2024-06-12,0.0018833125519534498,0.0018685767673621925,0.008864951229883133
2024-06-13,0.0021808999081726357,0.0025602486370815713,0.006556583956102716
2024-06-14,0.0019002435882720537,0.0025704978112592895,0.004660843804270099
2024-06-17,0.002817974105102818,0.00392014428134863,0.004008417677121956
2024-06-18,0.0029960877531817957,0.0024145018696911913,0.0031696113511706513
2024-06-19,0.0014229503328466431,0.0010879105935294045,0.0014326116757851577
2024-06-20,0.0019770660340055358,0.0032715107984454175,0.007149648691700728
2024-06-21,0.002182779738814813,0.006887361131868679,0.005682669730728881
2024-06-24,0.005583382255586505,0.0024009603841536613,0.00874639227004643
2024-06-25,0.0018728487548086657,0.00464535023163635,0.005534543620776601
2024-06-26,0.002002703649927402,0.003984561385977841,0.005256093430510431
2024-06-27,0.004449513686954778,0.0019921067468520954,0.0063530176833996145
2024-06-28,0.0036634144517961945,0.001989159082997663,0.01165890236914875
2024-07-01,0.0030671006509764647,0.0052231066238488544,0.008712306132412032
2024-07-02,0.0042652432560517815,0.004122835511356538,0.00738155112662488
2024-07-03,0.0010622004841658022,0.0024570631304712868,0.005181475298336734
2024-07-04,0.0014814452048924423,0.0006492631475787385,0.001788755344825474
2024-07-05,0.0024532352039251764,0.0017010132654559694,0.006053861018027053
2024-07-08,0.0018818444503800112,0.0015910029391046662,0.0031746031746031746
2024-07-09,0.00368695904453363,0.0013751010216759346,0.004403266862099333
2024-07-10,0.0012931451223049406,0.0016669082475721118,0.003613064842470373
2024-07-11,0.002189466631571391,0.0011380516555656716,0.014429634592835435
2024-07-12,0.0027162276247690593,0.0027671662258791263,0.011544152715443973
2024-07-15,0.003984450923226433,0.001722611090218723,0.007605531295487627
2024-07-16,0.001357378320729106,0.004832790300505081,0.009637153891787837
2024-07-17,0.002476810256908358,0.00999536800019503,0.00906937143703265
2024-07-18,0.002784124249347666,0.006288759931259495,0.012722488394608147
2024-07-19,0.002079679278376347,0.011333608846476563,0.010166847019150917
2024-07-22,0.005810420780799028,0.004194567277321541,0.007216326939701073
2024-07-23,0.0036657992192973676,0.003963326685981613,0.006025228294772708
2024-07-24,0.004865965900518031,0.004667636455632155,0.012321478577429292
2024-07-25,0.0029724818276220147,0.011125407779987263,0.017874798355622626
2024-07-26,0.004709782665894858,0.00822111791469443,0.007931952199551218
2024-07-29,0.008462972863718754,0.0059550009061957905,0.008231679651547167
2024-07-30,0.007441327990841442,0.0037755500585861215,0.011535669846536707
2024-07-31,0.012085392841524985,0.004162926537355761,0.009459651296346483
2024-08-01,0.00687736848149235,0.009547509014270478,0.018053777208706785
2024-08-02,0.007279824862184475,0.007553956834532374,0.02012010401865902
2024-08-05,0.01750951604132681,0.030142804207165863,0.03435022136176634
2024-08-06,0.015138378542036524,0.0130436560400169,0.020729616107976547
2024-08-07,0.015859812565851495,0.00971165125351229,0.008277674664354518
2024-08-08,0.013805740502433838,0.009799411756506223,0.020508107218305028
2024-08-09,0.006832792010889341,0.008615218418742826,0.008780011923472983
2024-08-12,0.007746100053792362,0.0047328551317289,0.011788372560852948
2024-08-13,0.003163835748662743,0.00688272636151019,0.007185835536015514
2024-08-14,0.003468722593819129,0.003636078267238673,0.013063527936354492
2024-08-15,0.004048582995951417,0.0039348021524149525,0.009223852831748657
2024-08-16,0.004087837406267166,0.0039673456931410694,0.006601379239623657
2024-08-19,0.0030184930460033623,0.004173526821610445,0.006784156698717131
2024-08-20,0.0022031700469589957,0.004085378117457764,0.009183686341789557
2024-08-21,0.0024491238701206887,0.002029573789504204,0.008958270335651648
2024-08-22,0.0016063249043107234,0.002136429899964812,0.008538567320915114
2024-08-23,0.0023698493998929745,0.0021084452121781765,0.014262031611850015
2024-08-26,0.0058748468117901225,0.0033990396765226183,0.01497748317563123
2024-08-27,0.0036556528408001536,0.0031731872053013892,0.011883115220119343
2024-08-28,0.004290697970512592,0.0034127085190373105,0.01029260028279174
2024-08-29,0.006465629390643701,0.006080993660240652,0.011039593804492768
2024-08-30,0.003522620624043814,0.004484304932735426,0.008282526170481997
2024-09-02,0.0030103576713097608,0.004123369162815636,0.003950302644154189
2024-09-03,0.007036876797393938,0.007576531915980988,0.016698326316870314
2024-09-04,0.00947680157946693,0.005277044854881266,0.013640035490577782
2024-09-05,0.006037198634380396,0.006033162591751597,0.01405766023350012
2024-09-06,0.007544527244860208,0.009444959597297655,0.02441923427409237
2024-09-09,0.007595108695652174,0.004028835141143974,0.010964235388847884
2024-09-10,0.005540129225182891,0.004765228596740852,0.00791651673263764
2024-09-11,0.005733168770155671,0.004239886936348364,0.019019151412548937
2024-09-12,0.0032741730114596054,0.004298179746769892,0.009411306548971246
2024-09-13,0.003115425216921136,0.0026355373282079633,0.007006968326957508
2024-09-16,0.0034618935275412864,0.0031509779559631616,0.00845113903860254
2024-09-17,0.0031529096852237924,0.003885516926124387,0.007135460079310954
2024-09-18,0.0018159421946232872,0.003529486447025963,0.004536124274600238
2024-09-19,0.010636808957312806,0.004074088045569429,0.00969965963919261
2024-09-20,0.0025914482208711253,0.0031176345882851764,0.007449463438981782
2024-09-23,0.007622255489021956,0.007609195688122444,0.004756627526180129
2024-09-24,0.0028036335090277,0.004289977617508082,0.009982617333002234
2024-09-25,0.0037777915402241904,0.002587193392706105,0.00660344570776029
2024-09-26,0.0044462009682837665,0.004016113430715921,0.015205091937765204
2024-09-27,0.004177930695502581,0.004835375756680939,0.005422647527910686
2024-09-30,0.006386612867292126,0.0050190849154810886,0.006689957630268342
2024-10-01,0.005856406834945698,0.003789749160576733,0.019738791230495753
2024-10-02,0.004956133214853381,0.004040911087406664,0.011194544383297188
2024-10-03,0.005883672807957917,0.006043735580298927,0.010998392928887104
2024-10-04,0.00549698229445794,0.003534672262190248,0.011160686697400784
2024-10-07,0.0032640949554896144,0.005039498774175974,0.004903908228633858
2024-10-08,0.006416738449246595,0.004242060214730835,0.010147612948155148
2024-10-09,0.0017615827143156312,0.002570281124497992,0.006175426486539789
2024-10-10,0.0013695112556706326,0.0024336256129923813,0.005820521636622624
2024-10-11,0.0018962564228040127,0.003879716548153769,0.008185740096606482
2024-10-14,0.0027407316774746117,0.002912241202094856,0.006763825697671589
2024-10-15,0.0024589667494397676,0.0024383142877938717,0.01589782737770669
2024-10-16,0.0034547198111583763,0.003126264298061716,0.007419235966097531
2024-10-17,0.0028901023219205036,0.007631899126202854,0.010183126146816861
2024-10-18,0.004599195447409733,0.0034796245926143744,0.004409806628147026
2024-10-21,0.0014636823809233395,0.0017482944959287968,0.008444395491427103
2024-10-22,0.004102451732281548,0.0028235121557698656,0.007376456605114506
2024-10-23,0.0022172408752010138,0.00286473571289253,0.005713237093222413
2024-10-24,0.0034615716274314155,0.004293165379127098,0.0040373051908209594
2024-10-25,0.0023910537803173357,0.003065228052967141,0.010589885926920027
2024-10-28,0.006029085771357579,0.0032148099622714755,0.004763578623289415
2024-10-29,0.0024009164919806952,0.003559760081923246,0.00837355565306421
2024-10-30,0.003351982251374554,0.0028364171826531968,0.00758666586000363
2024-10-31,0.004626013084659701,0.0053818805933554,0.014681331631149956
2024-11-01,0.0031139454934980817,0.0033794697214422384,0.010937266430813693
2024-11-04,0.008839010825305393,0.0053614666205465235,0.00977870553298294
2024-11-05,0.004483191137935745,0.003243323847750177,0.008646677170043048
2024-11-06,0.01307679084501854,0.0040802983339790775,0.008605373523972976
2024-11-07,0.0029631753769684805,0.002517959855843815,0.007771311602223095
2024-11-08,0.002002426469722134,0.0018486247174076865,0.003351348799886715
2024-11-11,0.0033412157790091647,0.002184406158616073,0.0064605553728327774
2024-11-12,0.0027684840488195655,0.0028879249375265217,0.00346465229739444
2024-11-13,0.0024199641137028992,0.0032555166208921298,0.00604950670526378
2024-11-14,0.0028227901922804367,0.004739168039050745,0.006351196319381202
2024-11-15,0.004635919437492551,0.003881355120034501,0.01112783765881857
2024-11-18,0.007535115099492782,0.005060716490913713,0.009473658607773508
2024-11-19,0.0027019495232210146,0.009454607005114192,0.007285042516385254
2024-11-20,0.004045804284217751,0.0028924280793557445,0.013443839444899533
2024-11-21,0.0068473333976275435,0.0062712212569025726,0.018753592642268634
2024-11-22,0.0032461286909685485,0.006598319772123601,0.007250646305537185
2024-11-25,0.0018867924528301887,0.0018607979960636966,0.010075416934313516
2024-11-26,0.008538116591928251,0.0027622988065912515,0.005026565578174437
2024-11-27,0.002441551635839596,0.00408912626220479,0.01019762373873067
2024-11-28,0.0022822274539950993,0.0012582083113646168,0.0015090543259557343
2024-11-29,0.003770829343037732,0.0021286009829831506,0.008461150716497444
2024-12-02,0.0029649563591764806,0.0012885829167312947,0.008458970429245228
2024-12-03,0.0011192271442035816,0.0015075317700542947,0.004714528783438888
2024-12-04,0.00178211321108662,0.0027981688970063106,0.004832496790008171
2024-12-05,0.001313144225070596,0.000976585207059316,0.002960262824903356
2024-12-06,0.0026573426573426573,0.0014317808793229889,0.007410078637569215
2024-12-09,0.0020324264400203244,0.0036836453076825367,0.006731436502428869
2024-12-10,0.0012221097105345857,0.0008620990947959505,0.00510849752121768
2024-12-11,0.001586116812838216,0.002366491414182628,0.007561546121957433
2024-12-12,0.0011260873062382938,0.001838087469987478,0.004782428321194801
2024-12-13,0.002773845286189473,0.002851131830357656,0.01016276482261043
2024-12-16,0.0027433110271920663,0.002556284102893301,0.005856298088997466
2024-12-17,0.0019443816414198508,0.0033155673241221668,0.005446375890709391
2024-12-18,0.0057701044979554745,0.002036979003447195,0.006305962613047283
2024-12-19,0.004465168199630228,0.005398487492728331,0.010610324306869031
2024-12-20,0.009671360406920447,0.00914630566742201,0.018434266047476486
2024-12-23,0.006051191690624131,0.0037616473024272403,0.009193195878672941
2024-12-24,0.002437538086532602,0.002963507506403703,0.007754424145237959
2024-12-26,0.0018707907208780244,0.007315222683984645,0.006408942922842247
2024-12-27,0.0026261041574298285,0.002062819110138585,0.016295889407671887
2024-12-30,0.0033278061811984707,0.002782171016935456,0.007613620440001868
2024-12-31,0.005247718002360889,0.007085978882379766,0.007224086502609993
2025-01-02,0.00993229582961117,0.004979136715873628,0.012999028000608964
2025-01-03,0.0050031269543464665,0.0036492483725529437,0.008417963017317289
2025-01-06,0.0030883906698092396,0.006160378671864124,0.007787785715107384
2025-01-07,0.0028694404591104736,0.003964915111628497,0.018653848360044512
2025-01-08,0.004326321574313343,0.003411254804378556,0.0082062208070426
2025-01-09,0.0035739814152966403,0.004621050409326546,
2025-01-10,0.0060790273556231,0.003094991527019394,0.015217647752742716
2025-01-13,0.007062180477945547,0.010630792227204783,0.008583845996412362
2025-01-14,0.004352997145575643,0.005820306932104338,0.00925420591794604
2025-01-15,0.002169042284406731,0.0030075187969924814,0.010411152285159696
2025-01-16,0.003249333769694703,0.006284834775308412,0.007525180860220056
2025-01-17,0.003509598398304087,0.004932182490752158,0.007968679624432665
2025-01-20,0.0042361111111111115,0.002396332569285268,0.006329478105759825
2025-01-21,0.016991550334874178,0.0058219614106971304,0.008866575314072521
2025-01-22,0.003748409505141167,0.0030789657422138792,0.006400091266898637
2025-01-23,0.002672671648071696,0.004204074192225311,0.0034492604648506653
2025-01-24,0.00289529259486341,0.002295089417592656,0.004547671161413974
2025-01-27,0.012964494051720179,0.01201566243936649,0.014651927947546571
2025-01-28,0.006489171049395007,0.006165010920876488,0.015127154944784124
2025-01-29,0.002585926991047822,0.003162073581683054,0.006956099028923946
2025-01-30,0.008040282628116624,0.004308851050065845,0.013279445727482679
2025-01-31,0.005892527675276753,0.0029639160453548085,0.008817856158721412
2025-02-03,0.012122641509433962,0.008745490791722044,0.016049586387311163
2025-02-04,0.006391256020748425,0.005245204551295531,0.012826048900040847
2025-02-05,0.003420369167980707,0.00489119700719157,0.005231775787666465
2025-02-06,0.002205426267545774,0.002785355677311387,0.00507416081186573
2025-02-07,0.004205291563062185,0.0022299731259648923,0.01622041487709038
2025-02-10,0.01313873714372241,0.0015211053365445557,0.006892036252110686
2025-02-11,0.0037559545621106633,0.0033530073720230576,0.00786648852851746
2025-02-12,0.0023744795072094703,0.0035691333088505323,0.010997169504895364
2025-02-13,0.0031562696552118476,0.006418529220297171,0.010196616369455876
2025-02-14,0.0034887408816999684,0.002767454732347592,0.0036977564682467885
2025-02-17,0.0032942446285823507,0.002278262235839422,0.002270555836564941
2025-02-18,0.0026771954690153997,0.002399291424214905,0.006424728465365996
2025-02-19,0.003115930617111746,0.0015613767074047448,0.004660640106271601
2025-02-20,0.003511457254760726,0.003057448440814116,0.012359575857178234
2025-02-21,0.0023152331044452475,0.003035706224890534,0.01114428981914474
2025-02-24,0.005345437369676164,0.0051408571920362614,0.016802666360188484
2025-02-25,0.004069021802495045,0.005765168578664208,0.017261932588471786
2025-02-26,0.0024022043757801277,0.0031136908398740424,0.008663410040609734
2025-02-27,0.007235634618099675,0.003970584780208162,0.022714759321954478
2025-02-28,0.0072398847429719845,0.006372828686226193,0.015419919622151262
2025-03-03,0.00945001844776901,0.006235497114297614,0.017145163971408896
2025-03-04,0.00510303502703756,0.005155642023346303,0.01743885953053951
2025-03-05,0.00752858185356361,0.005657209596574043,0.011103629797392421
2025-03-06,0.0029968090656507444,0.012890251141829108,0.01403197813965511
2025-03-07,0.004192535061465779,0.005353239268680445,0.017680233573727947
2025-03-10,0.01065915520921229,0.00955628001891347,0.019289774156229567
2025-03-11,0.01657664609053498,0.008510474430067775,0.017996447053371438
2025-03-12,0.005177009954797749,0.008649786322044122,0.015649988576650675
2025-03-13,0.0064633149397097895,0.00571531318631921,0.0128997649943803
2025-03-14,0.007041980039093345,0.004327610412024575,0.009452864115078346
2025-03-17,0.006901986704460234,0.003725630294988262,0.008958140361117103
2025-03-18,0.005751475707582866,0.004773662551440329,0.013317421828384263
2025-03-19,0.0066293100132073296,0.004382576093427402,0.00982869270807014
2025-03-20,0.00568929435205955,0.002638423915072619,0.01763828873221641
2025-03-21,0.004296806291931553,0.006700505056866129,0.009652927037098271
2025-03-24,0.004413855016084387,0.005816121094623816,0.006430114162295587
2025-03-25,0.00200216184346288,0.0038836860605166775,0.006335396115434103
2025-03-26,0.001596665285327743,0.0028103616813294234,0.012133666030627722
2025-03-27,0.004888755861518507,0.005965845534316041,0.01309384127618144
2025-03-28,0.0040259561645890896,0.008185333984154995,0.01836924313193712
2025-03-31,0.01061090335019863,0.004080624829432482,0.01121748884772911
2025-04-01,0.006722905531586065,0.006689395113383956,0.013325249606563299
2025-04-02,0.0071554297084258055,0.004640222935228624,0.016724441225165563
2025-04-03,0.016232912723449,0.007929214692677291,0.01648678283155211
2025-04-04,0.006672025723472669,0.00588771760414152,0.03265030708639731
2025-04-07,0.03742690058479532,0.028564606154672715,0.0997341211225997
2025-04-08,0.013642796490234928,0.010830985915492957,0.016418280488140823
2025-04-09,0.023257502068785296,0.03175354748975334,0.022968300549147225
2025-04-10,0.014000804494790247,0.025217981517255784,0.01612495509758791
2025-04-11,0.028743958082291934,0.025710618498810064,0.020512611658657108
2025-04-14,0.016566970091027308,0.006286589917881419,0.013883111480865224
2025-04-15,0.007459330776352334,0.008695076760190577,0.0116001948727402
2025-04-16,0.008714741883980841,0.018891602682607582,0.009160983090520198
2025-04-17,0.008305580099231972,0.0065897636309732366,0.013406673604259862
2025-04-21,0.008316831683168317,0.006179775280898876,0.014631052029179364
2025-04-22,0.011415652562241823,0.010362694300518135,0.014006528116349212
2025-04-23,0.009599914190711144,0.007764244453634653,0.01314053512058684
2025-04-24,0.007184022521445834,0.009846885605109157,0.017668640150461584
2025-04-25,0.0060551404277248136,0.005408955685198779,0.00891099367941146
2025-04-28,0.006773540935747394,0.005214569894549809,0.009706751243717468
2025-04-29,0.00741853092551949,0.0049407367585694905,0.010565328734863011
2025-04-30,0.0053954769831247845,0.004542720769831215,0.013107959329059
2025-05-01,0.007600584854290612,0.004341879054825634,0.01069050122677883
2025-05-02,0.011714899532415014,0.0046494141236919605,0.008013538400278731
2025-05-05,0.010417957039863241,0.00605622570032898,0.0064966704563911
2025-05-06,0.004209500730729355,0.007165265403438323,0.010040160642570281
2025-05-07,0.01687364329345247,0.00360391926219764,0.007437372798311515
2025-05-08,0.010672452281220999,0.005321062227900227,0.009671179883945842
2025-05-09,0.005047874187627127,0.003330362006635963,0.010963069164977505
2025-05-12,0.008358457729735029,0.018963168393908433,0.011102347148525264
2025-05-13,0.0049630751977475275,0.002792258373779136,0.013675640934085553
2025-05-14,0.002552941176470588,0.0046323986442904225,0.006169436657713555
2025-05-15,0.0018826225751002702,0.008063287430413126,0.0046356061495129676
2025-05-16,0.004089549448495045,0.005458732218209021,0.006975660882729708
2025-05-19,0.007191206316061143,0.008353923991057772,0.012274061759400092
2025-05-20,0.005856923720541068,0.004073486157150193,0.004494932984635502
2025-05-21,0.0047630721815571046,0.002918219534491245,0.008553133995182987
2025-05-22,0.004480964767084417,0.002948356586038942,0.010237940603412647
2025-05-23,0.004805936745391366,0.006559663388804841,0.008237805170511776
2025-05-26,0.013108971303270092,0.004575147984812396,0.0039040451552210726
2025-05-27,0.005556534508076358,0.007308648960875152,0.009254686140313741
2025-05-28,0.0014548417132216015,0.002132593723415413,0.006579788656258355
2025-05-29,0.016013573188304746,0.005147960880083468,0.013806706114398421
2025-05-30,0.005930865064046324,0.0037289879129357305,0.0077050790384435505
2025-06-02,0.0038138825324180014,0.004922163868020066,0.010487252058108536
2025-06-03,0.00415216887033171,0.003831953131369603,0.007158769202209124
2025-06-04,0.0025359353567023617,0.003422408130812044,0.007007813309091746
2025-06-05,0.001920003679048966,0.005509800312873838,0.008584625611754862
2025-06-06,0.006043034791113595,0.0026318523392319148,0.004656443899026276
2025-06-09,0.004346479810085209,0.003126904020140941,0.006422754903085216
2025-06-10,0.007239736070381231,0.004947546841357827,0.003446104528021066
2025-06-11,0.005536379481220738,0.0038730905891896216,0.006642518934017645
2025-06-12,0.0064126011613552195,0.006872852233676976,0.0059781488352916926
2025-06-13,0.019478296590442284,0.004589601539139102,0.00819889528246405
2025-06-16,0.009661779716061985,0.0039028321436794843,0.008683682248351018
2025-06-17,0.007744874715261959,0.005355040304320261,0.004872189992748369
2025-06-18,0.006772317865693763,0.002524104056758232,0.007797935706815805
2025-06-19,0.008232092636660708,0.004210285452777301,0.006265923018660057
2025-06-20,0.008483441196418102,0.004116728056471017,0.014994337485843714
2025-06-23,0.010174032543046205,0.006717256241546115,0.011865976199458143
2025-06-24,0.00931880972870148,0.005494628720087914,0.0036008749789668516
2025-06-25,0.0022421024451186864,0.0012930986433611646,0.0037556390142003157
2025-06-26,0.002248316545161111,0.0030207454133534717,0.005376403684776464
2025-06-27,0.0023482718703489334,0.002333799359306025,0.006176373444897061
2025-06-30,0.004197525437883216,0.0022840032347605623,0.003552417283329872
2025-07-01,0.002995517656062097,0.002079548190793074,0.007619862075014527
2025-07-02,0.002026922822710348,0.0033598682404611586,0.007967599898473796
2025-07-03,0.0017837601225651127,0.00207659351228469,0.0059959881388452815
2025-07-04,0.0019731777919923675,0.0036405129319713107,0.0025089449341129245
2025-07-07,0.004962995211144972,0.0019064011503769228,0.004140651389842328
2025-07-08,0.0050464691136386025,0.002398212241783398,0.0044690545224651745
2025-07-09,0.0030668150961517472,0.0026230941581507185,0.008007398139585486
2025-07-10,0.0033744195130419687,0.002859690327070285,0.008180823283381551
2025-07-11,0.009440829141634166,0.004325985333057284,0.0063713029532734755
2025-07-14,0.003827520969347025,0.00412829469672912,0.006548909786315939
2025-07-15,0.007716769593105919,0.0020520796206892826,0.0054633031971638235
2025-07-16,0.0026282921531360303,0.003727288533426063,0.006099873235316424
2025-07-17,0.002091868808393488,0.0028153458002620436,0.0057575134468241685
2025-07-18,0.0018700628728034823,0.0020920053212032785,0.005289472554825973
2025-07-21,0.0031636715807597114,0.0018372280419016922,0.007288363343187315
2025-07-22,0.0013710662182137578,0.0032597390064229726,0.010355092949541678
2025-07-23,0.004214951759823209,0.0016665949851619286,0.005029770221180921
2025-07-24,0.001741285560149131,0.001914561362226453,0.004395909985453923
2025-07-25,0.0021268409464976594,0.002723427887901572,0.003970462328767123
2025-07-28,0.002306547619047619,0.0021952383477384803,0.0027372165596276535
2025-07-29,0.0017869108778199687,0.0024206134344045608,0.00584863478878164
2025-07-30,0.0018974927511512878,0.0021380249329872782,0.003853195384680887
2025-07-31,0.003965408141742248,0.0028571728694629147,0.009148427712682521
2025-08-01,0.004976725228993715,0.010046260022110358,0.012809962100703844
2025-08-04,0.006619256017505471,0.0050362764186962245,0.007599376461418551
2025-08-05,0.0026012674488310353,0.0036274530785199133,0.011092908462090307
2025-08-06,0.004103197029242046,0.0030623908214539885,0.005977750682477853
2025-08-07,0.0054123876422486495,0.004577925880186098,0.006567518325494682
2025-08-08,0.00284885142389421,0.002169266596484512,0.007348646553463528
2025-08-11,0.002935111934017842,0.00407548600433876,0.0036579066654016845
2025-08-12,0.0022107044637190605,0.002031316123571731,0.00784772258037332
2025-08-13,0.0018688661515974107,0.00343481165956736,0.00565617916779305
2025-08-14,0.002194105170774519,0.001788010916277173,0.006978864310339407
2025-08-15,0.0017790801109308775,0.003633895473294001,0.005886842958269289
2025-08-18,0.0036352174826644254,0.0046641791044776115,0.004428176243518139
2025-08-19,0.0032351921683140238,0.0022645404562785703,0.009700157811678064
2025-08-20,0.005018967648437833,0.003691418788786647,0.016946801131209648
2025-08-21,0.0037623804827852333,0.0031276108052526726,0.00826508458545603
2025-08-22,0.0030785459790529704,0.0077511022951455896,0.018998903909389842
2025-08-25,0.003114142869248369,0.0026097473000785045,0.005575417092271025
2025-08-26,0.006328238835178627,0.00291784250039934,0.005400338719469979
2025-08-27,0.0014827995255041518,0.002192726926051079,0.005469181428146638
2025-08-28,0.0027716127387993924,0.0052032451259397695,0.00718055012108586
2025-08-29,0.0013572946697249636,0.00472090793175759,0.010686199898528665
2025-09-01,0.0037693257804846886,0.005633923045732943,0.002257624808314875
2025-09-02,0.0034571158080609304,0.007869643677056304,0.01102801917728163
2025-09-03,0.0032717474980754426,0.0052217361468519475,0.00662795910090294
2025-09-04,0.003570400844106707,0.0025034355658297026,0.005887864398117587
2025-09-05,0.0020253164556962027,0.0018727773919996634,0.014963350785340314
2025-09-08,0.005956026780999852,0.002159645186098206,0.004887688281110398
2025-09-09,0.0016597336022521954,0.0022970421648835747,0.005527469530741961
2025-09-10,0.0015691361382513546,0.0027906101716172996,0.004177300901088598
2025-09-11,0.0026830162972278993,0.0026690391459074734,0.004598108623799643
2025-09-12,0.0011756994371208888,0.0027771999167880176,0.00474194856649647
2025-09-15,0.0015550326038502606,0.0034589534076904754,0.0038258316013690275
2025-09-16,0.0014820913956360643,0.002673307582842041,0.003243419112787612
2025-09-17,0.0010906459274057916,0.00394599995921447,0.005332164267362669
2025-09-18,0.004194134334755189,0.005941619776960735,0.008529346218521444
2025-09-19,0.002194779055537013,0.002499367568934986,0.003371319558700326
2025-09-22,0.001981891348088531,0.003965178885925628,0.004704720839797707
2025-09-23,0.0013502700540108021,0.00184022082649918,0.0032098716051357948
2025-09-24,0.0021135691137100184,0.002433554900797442,0.004611165248490571
2025-09-25,0.0021619655701931627,0.0028178687216571896,0.009531559940999948
2025-09-26,0.002911636400527544,0.003544442638934027,0.008649624304126063
2025-09-29,0.0034477180353062503,0.0032727455817934646,0.005120569801716246
2025-09-30,0.0014606481248300108,0.004056529704265899,0.005328256884430209
2025-10-01,0.0037435092380147324,0.005502382683143526,0.007511206235108832
2025-10-02,0.0029888941091796035,0.0024133151171255624,0.006159287112188434
2025-10-03,0.0035456048443320122,0.0014997119758456984,0.004655141544154216
2025-10-06,0.00367,0.0027602287900831057,0.004491507778339629
2025-10-07,0.002958168714884155,0.0020062372127207357,0.0036652533977889605
2025-10-08,0.002294516106505452,0.003401937408342229,0.006260030502696398
2025-10-09,0.002899236731554346,0.0028986936159723932,0.00557661178885862
2025-10-10,0.002629731787130132,0.0023387773227414024,0.01028127839450085
2025-10-13,0.012774020047265912,0.006391866727062258,0.007613369721749464
2025-10-14,0.005910390848427073,0.006597454111266266,0.013099284663385927
2025-10-15,0.003120707764401713,0.002662246333132409,0.008719128087191282
2025-10-16,0.004711873922284156,0.004157608423414849,0.006618021381299848
2025-10-17,0.005586085202924124,0.011384141272834174,0.011652938501187529
2025-10-20,0.005724943398860996,0.003424623440751028,0.008250726541661691
2025-10-21,0.002023552173097614,0.0017788143214317478,0.004001857652441133
2025-10-22,0.002808127750037079,0.0034473902564305186,0.009449644772515881
2025-10-23,0.006146987975891813,0.002351440755649436,0.007974816369359917
2025-10-24,0.0017897224447015316,0.002268535413810449,0.00467280545029745
2025-10-27,0.0026532159309580732,0.00186169181243455,0.0036992920988156456
2025-10-28,0.002201711373906355,0.001637039462280685,0.003301153484444274
2025-10-29,0.002225002148607225,0.0020277024132514636,0.0031599786796619204
2025-10-30,0.006432927412108815,0.0038051026426437853,0.009196084247997626
2025-10-31,0.003126135255540047,0.0028951718470814182,0.005324579902096434
2025-11-03,0.0042357822750280945,0.005326857921661596,0.009548040364769446
2025-11-04,0.006292018617479745,0.005169687975868324,0.008954238209929298
2025-11-05,0.011440595028381288,0.0038680741886836798,0.00970940304789124
2025-11-06,0.006128950793558288,0.004575144311732811,0.015385214614006389
2025-11-07,0.005876020896907929,0.0044815162134149355,0.011469305668943271
2025-11-10,0.00710879417078878,0.004417047841535955,0.00587342763447702
2025-11-11,0.0026339064428656123,0.003640292391399566,0.0062292520991993755
2025-11-12,0.005142589995324918,0.002405711625019401,0.009785286188102489
2025-11-13,0.008527162035591633,0.007389761291263552,0.011971464738148741
2025-11-14,0.0028690688476903,0.006921312456367807,0.022367383258842802
2025-11-17,0.009436307410832364,0.005161226410421517,0.01196107649688472
2025-11-18,0.00518961675131999,0.010371466807250903,0.016263287247276808
2025-11-19,0.006150462302961183,0.0061402794183536315,0.016882351746134935
2025-11-20,0.00863147986822474,0.006404909437559581,0.00650496797096563
2025-11-21,0.009010783907092493,0.00773550368677415,0.015318032515958436
